ActorName,Type,X,Y,Height,Hash ID
KorokCarryProgressKeeper,Bring the exhausted korok to its friend,-4877,-3565,40,0xb9ed273015b98834
KorokCarryProgressKeeper,Bring the exhausted korok to its friend,-4508,-590,512,0xba0dbba90c1a9a19
KorokCarryProgressKeeper,Bring the exhausted korok to its friend,-4321,-1861,66,0x9c6ce54cb8aa0d77
KorokCarryProgressKeeper,Bring the exhausted korok to its friend,-4125,3431,223,0xc8de69e1d4d01529
KorokCarryProgressKeeper,Bring the exhausted korok to its friend,-4116,2416,-13,0x95684aa7a4c3b176
KorokCarryProgressKeeper,Bring the exhausted korok to its friend,-4075,35,58,0x3a2f117abde21022
KorokCarryProgressKeeper,Bring the exhausted korok to its friend,-3742,-3478,17,0x09c17f3baf0dc536
KorokCarryProgressKeeper,Bring the exhausted korok to its friend,-3557,768,188,0x8464b2a0e6538974
KorokCarryProgressKeeper,Bring the exhausted korok to its friend,-3316,-2462,30,0x15a4b1c5a6171c78
KorokCarryProgressKeeper,Bring the exhausted korok to its friend,-3238,3689,244,0xbe56994927c6cb37
KorokCarryProgressKeeper,Bring the exhausted korok to its friend,-3142,-620,200,0x75ed6d366e8b0336
KorokCarryProgressKeeper,Bring the exhausted korok to its friend,-3079,-3045,15,0x9223f8594a723522
KorokCarryProgressKeeper,Bring the exhausted korok to its friend,-3018,105,206,0x109d5c3cfc1cdbb3
KorokCarryProgressKeeper,Bring the exhausted korok to its friend,-2838,2317,392,0x6400888dba389d0a
KorokCarryProgressKeeper,Bring the exhausted korok to its friend,-2796,2878,602,0xa4cf2b8c7b89febe
KorokCarryProgressKeeper,Bring the exhausted korok to its friend,-2600,189,148,0xec2195519e8cdba3
KorokCarryProgressKeeper,Bring the exhausted korok to its friend,-2546,-3931,15,0x0be67e07414b8c79
KorokCarryProgressKeeper,Bring the exhausted korok to its friend,-2440,-2144,265,0x64a5a3398166e7d1
KorokCarryProgressKeeper,Bring the exhausted korok to its friend,-2373,3018,442,0x1ca9c1898ede247d
KorokCarryProgressKeeper,Bring the exhausted korok to its friend,-2056,513,139,0xf42ac71a180abe4e
KorokCarryProgressKeeper,Bring the exhausted korok to its friend,-2051,-1995,42,0x0c365d093d05fc40
KorokCarryProgressKeeper,Bring the exhausted korok to its friend,-1849,-329,163,0xc7a6a3a3ac49a14c
KorokCarryProgressKeeper,Bring the exhausted korok to its friend,-1641,-2359,8,0xa5ac2e959b3cf697
KorokCarryProgressKeeper,Bring the exhausted korok to its friend,-1374,-2444,106,0xdac86ad5e603ca95
KorokCarryProgressKeeper,Bring the exhausted korok to its friend,-1347,2792,204,0x86b0ca748d9a5f3f
KorokCarryProgressKeeper,Bring the exhausted korok to its friend,-1321,-570,11,0x7deb7883ac348bcf
KorokCarryProgressKeeper,Bring the exhausted korok to its friend,-1302,-1332,139,0x3291538fa06bdcc6
KorokCarryProgressKeeper,Bring the exhausted korok to its friend,-1178,-2089,146,0x4896271e37247312
KorokCarryProgressKeeper,Bring the exhausted korok to its friend,-1033,3518,231,0x145e2045e67c2a3d
KorokCarryProgressKeeper,Bring the exhausted korok to its friend,-1025,-1857,143,0xcde0858addf5840e
KorokCarryProgressKeeper,Bring the exhausted korok to its friend,-981,2240,121,0x45e3b3b7e746ec48
KorokCarryProgressKeeper,Bring the exhausted korok to its friend,-881,-930,20,0x09df1a50290b4748
KorokCarryProgressKeeper,Bring the exhausted korok to its friend,-768,1414,137,0xb78127c69fdc72a9
KorokCarryProgressKeeper,Bring the exhausted korok to its friend,-753,1071,45,0x86b688f4417e6e8c
KorokCarryProgressKeeper,Bring the exhausted korok to its friend,-594,-3336,139,0xb3604b21a627ef40
KorokCarryProgressKeeper,Bring the exhausted korok to its friend,-509,-1696,66,0x21aab7e641604032
KorokCarryProgressKeeper,Bring the exhausted korok to its friend,-216,-2595,-11,0x00c3e1ef17e6ba50
KorokCarryProgressKeeper,Bring the exhausted korok to its friend,-153,-1531,21,0x3cde914031313704
KorokCarryProgressKeeper,Bring the exhausted korok to its friend,-91,-1241,1407,0xa85990444d478eb9
KorokCarryProgressKeeper,Bring the exhausted korok to its friend,19,3099,169,0x93c7e6b9fd7e6e7c
KorokCarryProgressKeeper,Bring the exhausted korok to its friend,48,-3393,25,0xfbecdd7daa8cd3e0
KorokCarryProgressKeeper,Bring the exhausted korok to its friend,56,3554,75,0x3b5f9b5b9e7da7b9
KorokCarryProgressKeeper,Bring the exhausted korok to its friend,342,-1662,19,0x6f15b03752685eb5
KorokCarryProgressKeeper,Bring the exhausted korok to its friend,344,-2183,58,0x8cd4a0e3b1a3d4c9
KorokCarryProgressKeeper,Bring the exhausted korok to its friend,398,-3862,1,0xb7d876fb848a007c
KorokCarryProgressKeeper,Bring the exhausted korok to its friend,432,597,10,0x9b7753905308f290
KorokCarryProgressKeeper,Bring the exhausted korok to its friend,445,-1787,1447,0xdc9c28f60084facd
KorokCarryProgressKeeper,Bring the exhausted korok to its friend,517,-3514,72,0x5264f1268b0286cb
KorokCarryProgressKeeper,Bring the exhausted korok to its friend,550,3690,90,0x2b954ce40e323553
KorokCarryProgressKeeper,Bring the exhausted korok to its friend,588,-1581,12,0x8b45adf446286360
KorokCarryProgressKeeper,Bring the exhausted korok to its friend,594,3044,189,0x87193eeaf89da734
KorokCarryProgressKeeper,Bring the exhausted korok to its friend,632,1167,10,0xc37b8fddc99f683b
KorokCarryProgressKeeper,Bring the exhausted korok to its friend,773,2857,216,0x7ccf289a445a9a99
KorokCarryProgressKeeper,Bring the exhausted korok to its friend,889,-556,10,0xb83f3e4cac0d321f
KorokCarryProgressKeeper,Bring the exhausted korok to its friend,995,-3805,2,0x4e314676408880ec
KorokCarryProgressKeeper,Bring the exhausted korok to its friend,1019,-1185,10,0x199b09371296f7fc
KorokCarryProgressKeeper,Bring the exhausted korok to its friend,1150,-2282,211,0x49884ebc4c874727
KorokCarryProgressKeeper,Bring the exhausted korok to its friend,1196,-649,21,0x8476fce426d4833c
KorokCarryProgressKeeper,Bring the exhausted korok to its friend,1196,-1843,12,0x3e5f8f162d00ae26
KorokCarryProgressKeeper,Bring the exhausted korok to its friend,1504,1802,310,0xdb7033b58af655e4
KorokCarryProgressKeeper,Bring the exhausted korok to its friend,1686,256,17,0x6c107fb060500012
KorokCarryProgressKeeper,Bring the exhausted korok to its friend,1701,10,11,0x63ee8bfc2f3522fd
KorokCarryProgressKeeper,Bring the exhausted korok to its friend,1714,3061,394,0x9979049cb93468c4
KorokCarryProgressKeeper,Bring the exhausted korok to its friend,1832,1904,343,0xd3301b3208524de7
KorokCarryProgressKeeper,Bring the exhausted korok to its friend,1877,1629,303,0xcae5e6a73bbeac22
KorokCarryProgressKeeper,Bring the exhausted korok to its friend,1979,-3391,50,0x7c829b0eada2a14f
KorokCarryProgressKeeper,Bring the exhausted korok to its friend,1991,2597,458,0xe75f2ba499cca6a8
KorokCarryProgressKeeper,Bring the exhausted korok to its friend,2129,1083,133,0xf53bb118b54590ad
KorokCarryProgressKeeper,Bring the exhausted korok to its friend,2175,-568,212,0xd3cbd9dbbeebfd17
KorokCarryProgressKeeper,Bring the exhausted korok to its friend,2191,-1701,24,0xb5c0399756de22c8
KorokCarryProgressKeeper,Bring the exhausted korok to its friend,2202,159,35,0x970d75f6ffc93a9f
KorokCarryProgressKeeper,Bring the exhausted korok to its friend,2227,-3834,2,0x2a2ce4df12954054
KorokCarryProgressKeeper,Bring the exhausted korok to its friend,2428,-3945,1,0x5e009362d5eac4a3
KorokCarryProgressKeeper,Bring the exhausted korok to its friend,2482,-2049,10,0xb24a6b32763e0046
KorokCarryProgressKeeper,Bring the exhausted korok to its friend,2511,2985,524,0x26376688f39f1aee
KorokCarryProgressKeeper,Bring the exhausted korok to its friend,2614,-1868,20,0xfd132df124d41952
KorokCarryProgressKeeper,Bring the exhausted korok to its friend,2620,56,120,0xbc6318fadc8c50c1
KorokCarryProgressKeeper,Bring the exhausted korok to its friend,2640,633,178,0xa519e141425c6ff1
KorokCarryProgressKeeper,Bring the exhausted korok to its friend,2760,-583,134,0x0c3fc1a964ffdccb
KorokCarryProgressKeeper,Bring the exhausted korok to its friend,2760,774,200,0xccc554518a9572dc
KorokCarryProgressKeeper,Bring the exhausted korok to its friend,2919,-3083,147,0x51753d5977774f42
KorokCarryProgressKeeper,Bring the exhausted korok to its friend,2968,3648,225,0xcc9b683cea8d43ce
KorokCarryProgressKeeper,Bring the exhausted korok to its friend,3223,2170,129,0xcef85f6898d1d02e
KorokCarryProgressKeeper,Bring the exhausted korok to its friend,3251,-2114,100,0x0e43951fb77c4253
KorokCarryProgressKeeper,Bring the exhausted korok to its friend,3261,-2397,218,0x1b71d003da4baf6e
KorokCarryProgressKeeper,Bring the exhausted korok to its friend,3305,-774,11,0xcba991805f62c47b
KorokCarryProgressKeeper,Bring the exhausted korok to its friend,3446,3173,55,0x2a177609fd8aa7bf
KorokCarryProgressKeeper,Bring the exhausted korok to its friend,3600,-3780,2,0x179c18302eece651
KorokCarryProgressKeeper,Bring the exhausted korok to its friend,3667,-1386,298,0xd05e7f866162de56
KorokCarryProgressKeeper,Bring the exhausted korok to its friend,3855,2685,50,0x822da7cd47b4be51
KorokCarryProgressKeeper,Bring the exhausted korok to its friend,3880,267,212,0xf70f90356c6270aa
KorokCarryProgressKeeper,Bring the exhausted korok to its friend,3899,-2506,1,0x6af0255d13bdb3db
KorokCarryProgressKeeper,Bring the exhausted korok to its friend,3921,543,486,0xd3eb6b50b2a47eaa
KorokCarryProgressKeeper,Bring the exhausted korok to its friend,4280,2339,21,0x4767004a184e7df7
KorokCarryProgressKeeper,Bring the exhausted korok to its friend,4361,776,281,0x092ea2b579cab4aa
KorokCarryProgressKeeper,Bring the exhausted korok to its friend,4417,3265,207,0x8179acfb6c1a014b
KorokCarryProgressKeeper,Bring the exhausted korok to its friend,4497,-3616,1,0xa3ec81f3a4014875
KorokCarryProgressKeeper,Bring the exhausted korok to its friend,4500,-648,76,0xdd5da6276f00a45f
KorokCarryProgressKeeper,Bring the exhausted korok to its friend,4628,2861,3,0xb2943a6379ffe651
KorokCarryProgressKeeper,Bring the exhausted korok to its friend,4748,1986,1,0xeed977e0d06944fe
Npc_HiddenKorokFly,Attack and catch the dandelion,-4710,-2162,103,0x2a62a72bf89031ee
Npc_HiddenKorokFly,Attack and catch the dandelion,-4273,3499,394,0xe8096cb10ed74cec
Npc_HiddenKorokFly,Attack and catch the dandelion,-3845,-1895,309,0xdad68a6ff04b9163
Npc_HiddenKorokFly,Attack and catch the dandelion,-3611,-2844,74,0xb6a2b07b68defe19
Npc_HiddenKorokFly,Attack and catch the dandelion,-3444,662,253,0x8380119022bb06b8
Npc_HiddenKorokFly,Attack and catch the dandelion,-2547,-3953,39,0x39ad5b731e7cb0ae
Npc_HiddenKorokFly,Attack and catch the dandelion,-1440,-847,23,0x60a77fe7f24a86e2
Npc_HiddenKorokFly,Attack and catch the dandelion,-1096,-197,46,0x72800cfaad81d453
Npc_HiddenKorokFly,Attack and catch the dandelion,-1053,-1328,70,0x0434c5c03e7f8ee9
Npc_HiddenKorokFly,Attack and catch the dandelion,-125,-938,46,0x4cac71fa08d44f73
Npc_HiddenKorokFly,Attack and catch the dandelion,313,-1766,75,0x6560ead806140301
Npc_HiddenKorokFly,Attack and catch the dandelion,543,-1266,50,0x9a3edee63834c9f0
Npc_HiddenKorokFly,Attack and catch the dandelion,617,-76,57,0x42de613ca16ced72
Npc_HiddenKorokFly,Attack and catch the dandelion,622,-1658,1511,0xe87f458817df6b2e
Npc_HiddenKorokFly,Attack and catch the dandelion,691,625,62,0xfe3fec70bc01bc0a
Npc_HiddenKorokFly,Attack and catch the dandelion,1118,229,78,0x8db6798a90f77e5b
Npc_HiddenKorokFly,Attack and catch the dandelion,1274,-3191,105,0xe375a6b903b081af
Npc_HiddenKorokFly,Attack and catch the dandelion,1373,-3509,173,0xe2ecee6a25cd4f5a
Npc_HiddenKorokFly,Attack and catch the dandelion,1373,-1680,232,0xe37cddab1a8ff90c
Npc_HiddenKorokFly,Attack and catch the dandelion,1442,-537,16,0x091c573ba712383e
Npc_HiddenKorokFly,Attack and catch the dandelion,1575,-1045,155,0x4fc9275ff49fbc91
Npc_HiddenKorokFly,Attack and catch the dandelion,1581,-3034,229,0x409d897c3ada2475
Npc_HiddenKorokFly,Attack and catch the dandelion,2052,-2092,50,0x8202326ef94e7c96
Npc_HiddenKorokFly,Attack and catch the dandelion,2172,3036,456,0xe5624df329f68f4b
Npc_HiddenKorokFly,Attack and catch the dandelion,2441,1242,155,0x4f43fc3191160826
Npc_HiddenKorokFly,Attack and catch the dandelion,3742,-1151,452,0x793cd834b59591de
Npc_HiddenKorokFly,Attack and catch the dandelion,4038,-2309,11,0xcd105c1f691c0ff0
Npc_HiddenKorokFly,Attack and catch the dandelion,4325,-142,51,0xc692f9adf1b6ab9c
Npc_HiddenKorokFly,Break the acorn pot,-4363,-1846,97,0xf00b28f0afd80c18
Npc_HiddenKorokFly,Break the acorn pot,-3599,979,1823,0x6735acdfbbf17801
Npc_HiddenKorokFly,Break the acorn pot,-3582,-1985,206,0xe6c0f12c27dc1b77
Npc_HiddenKorokFly,Break the acorn pot,-3193,-1745,354,0x49c0815855f1021d
Npc_HiddenKorokFly,Break the acorn pot,-3103,1316,211,0x523d843537984052
Npc_HiddenKorokFly,Break the acorn pot,-2739,2268,345,0x86a97c98f7f25813
Npc_HiddenKorokFly,Break the acorn pot,-2713,-2356,130,0xc1ba15fcd1a97eb7
Npc_HiddenKorokFly,Break the acorn pot,-2531,1855,304,0xdcc0703c889fd11f
Npc_HiddenKorokFly,Break the acorn pot,-2329,-1825,140,0x80b9c9fde2db8871
Npc_HiddenKorokGround,Break the acorn pot,-2075,2078,290,0xb385d9517b4b590c
Npc_HiddenKorokGround,Break the acorn pot,-2012,-2470,223,0xe1e1aafdb1ebe09c
Npc_HiddenKorokFly,Break the acorn pot,-1598,-1016,19,0xb8bb9d53ead817a6
Npc_HiddenKorokFly,Break the acorn pot,-1347,531,96,0x713a6e09d2b3064d
Npc_HiddenKorokFly,Break the acorn pot,-1149,222,40,0x39eb0aa92810ec2d
Npc_HiddenKorokFly,Break the acorn pot,-1089,-514,61,0x291ad1a54d9cb5dc
Npc_HiddenKorokFly,Break the acorn pot,-801,-3258,94,0x6e95a7fdad85fe11
Npc_HiddenKorokGround,Break the acorn pot,-666,963,11,0x59be5b86dda12799
Npc_HiddenKorokFly,Break the acorn pot,-612,-1525,74,0x30e6acae3ec006ab
Npc_HiddenKorokFly,Break the acorn pot,-124,1193,37,0xee47cb5909591760
Npc_HiddenKorokFly,Break the acorn pot,-66,-2441,18,0xfb215b8ed2d76766
Npc_HiddenKorokFly,Break the acorn pot,270,701,11,0x6608da933614f324
Npc_HiddenKorokFly,Break the acorn pot,272,-3906,5,0xccb2720dc9a3794e
Npc_HiddenKorokGround,Break the acorn pot,399,1174,10,0x020feb59b20954c5
Npc_HiddenKorokFly,Break the acorn pot,657,1371,40,0x0e45f9b03f3eb3f4
Npc_HiddenKorokFly,Break the acorn pot,951,1536,161,0x75e25564ea2ad398
Npc_HiddenKorokFly,Break the acorn pot,1115,-732,67,0x1051d3122f2a747b
Npc_HiddenKorokFly,Break the acorn pot,1483,443,12,0xed1e5973a85751d7
Npc_HiddenKorokFly,Break the acorn pot,1567,2946,402,0x40e719bfab8370b2
Npc_HiddenKorokFly,Break the acorn pot,1691,1199,1155,0x735c8b810bd78ce6
Npc_HiddenKorokFly,Break the acorn pot,1791,-853,119,0x29802b86e0991251
Npc_HiddenKorokFly,Break the acorn pot,1960,-2628,252,0x4c7f2227f6dfa1ea
Npc_HiddenKorokFly,Break the acorn pot,1997,-959,177,0x2e316859614d8088
Npc_HiddenKorokFly,Break the acorn pot,2232,3042,447,0x0388af9f5240c043
Npc_HiddenKorokGround,Break the acorn pot,2308,133,105,0x58e19a61805beae7
Npc_HiddenKorokFly,Break the acorn pot,2546,-1077,112,0xb64a256427fccd2a
Npc_HiddenKorokFly,Break the acorn pot,2638,-368,160,0x016fa4a1b7c5252d
Npc_HiddenKorokGround,Break the acorn pot,4118,3286,204,0xacbb5e7282f548f6
Npc_HiddenKorokFly,Break the hidden acorn pot,-2298,1908,298,0xaddec8dbaf6b1da8
Npc_HiddenKorokGround,Break the hidden acorn pot,-1956,-410,208,0xdecb228e16e0d21c
Npc_HiddenKorokGround,Break the hidden acorn pot,-1428,-1298,37,0xe02b22e64c15faf5
Npc_HiddenKorokFly,Break the hidden acorn pot,-874,3313,228,0x487fe6c2221ef12e
Npc_HiddenKorokFly,Break the hidden acorn pot,-748,200,31,0x781f1b41c9c2a39b
Npc_HiddenKorokFly,Break the hidden acorn pot,-666,1191,74,0x75720e1a74403956
Npc_HiddenKorokFly,Break the hidden acorn pot,-311,-550,26,0xb6d6dfe59019e605
Npc_HiddenKorokGround,Break the hidden acorn pot,133,600,29,0x96e1861fe71bedf7
Npc_HiddenKorokGround,Break the hidden acorn pot,290,-247,28,0x9662bf80ffa514ed
Npc_HiddenKorokGround,Break the hidden acorn pot,628,-1162,15,0x536160272d49959c
Npc_HiddenKorokFly,Break the hidden acorn pot,735,-1504,44,0x6b7cfa6438b02e31
Npc_HiddenKorokFly,Break the hidden acorn pot,1291,-1331,165,0xf543848c315bb272
Npc_HiddenKorokFly,Break the hidden acorn pot,1334,1318,172,0x21a0c1ea1acd0fbc
Npc_HiddenKorokFly,Break the hidden acorn pot,1467,678,29,0x18c21efaf334333d
Npc_HiddenKorokGround,Break the hidden acorn pot,1999,-2282,11,0xd2b2e7fc38e6ccf5
Npc_HiddenKorokGround,Break the hidden acorn pot,2942,210,207,0x7252cd2805c3e811
Npc_HiddenKorokFly,Break the hidden acorn pot,3496,-3311,228,0x09e727a91b073e06
Npc_HiddenKorokGround,Build a roof for the statues,-4254,2146,19,0x4adcb248677cff87
Npc_HiddenKorokGround,Build a roof for the statues,-4191,3374,243,0x673b0acdbb0d8299
Npc_HiddenKorokGround,Build a roof for the statues,-3969,-324,447,0x2ae2433920d4b0b9
Npc_HiddenKorokGround,Build a roof for the statues,-3794,3027,247,0x20e2a2428fbd980a
Npc_HiddenKorokGround,Build a roof for the statues,-3102,-1033,597,0x7313428282fd1d04
Npc_HiddenKorokGround,Build a roof for the statues,-2506,-1590,537,0x0f728049e4c59b97
Npc_HiddenKorokFly,Build a roof for the statues,-2207,2091,325,0xdf5de7dfa70782c1
Npc_HiddenKorokGround,Burn the leaves and lift the rock,-4910,-3778,-30,0xc877a01759ae2cab
Npc_HiddenKorokGround,Burn the leaves and lift the rock,-3552,595,212,0x8f37c80d3606ae8f
Npc_HiddenKorokGround,Burn the leaves and lift the rock,-2436,512,226,0xa67846124a64d127
Npc_HiddenKorokGround,Burn the leaves and lift the rock,-2342,939,106,0xf08da43e0532ff50
Npc_HiddenKorokGround,Burn the leaves and lift the rock,-2265,-2163,252,0xf203598f31e957d3
Npc_HiddenKorokGround,Burn the leaves and lift the rock,-794,-1602,937,0x0d44491367c38d92
Npc_HiddenKorokGround,Burn the leaves and lift the rock,-313,324,26,0x8dd5d22ea44ab48f
Npc_HiddenKorokGround,Burn the leaves and lift the rock,75,-327,35,0x5fbd3ce15c6519ba
Npc_HiddenKorokGround,Burn the leaves and lift the rock,229,-1644,1406,0x814cbffc4f494533
Npc_HiddenKorokGround,Burn the leaves and lift the rock,297,-1834,18,0x357dcaa8a1086890
Npc_HiddenKorokGround,Burn the leaves and lift the rock,1182,380,158,0x0fd6922f3df3bfd5
Npc_HiddenKorokGround,Burn the leaves and lift the rock,1397,128,27,0x34e0b8e62170b922
Npc_HiddenKorokGround,Burn the leaves and lift the rock,1777,-2991,83,0x2a4d578800c04075
Npc_HiddenKorokGround,Burn the leaves and lift the rock,1787,-1552,11,0x75b000d32ab87851
Npc_HiddenKorokGround,Burn the leaves and lift the rock,3119,-3720,2,0x03bfce6efcd95e77
Npc_HiddenKorokGround,Burn the leaves and lift the rock,3160,1426,258,0xd9ecf059e8ab256c
Npc_HiddenKorokGround,Burn the leaves and lift the rock,4073,2453,74,0xcc286c97e00bba6e
Npc_HiddenKorokGround,Burn the leaves and lift the rock,4271,2827,149,0xc112d086cec56f69
Npc_HiddenKorokGround,Burn the leaves and lift the rock,4599,1857,10,0x0255b849a5b790f3
Npc_HiddenKorokGround,Burn the thorns and lift the rock,-3677,2467,321,0xfd3a7a70e46b937a
Npc_HiddenKorokFly,Catch the falling light,-3621,997,1664,0x3a5f3788b95c9bb8
Npc_HiddenKorokFly,Catch the falling light,-2367,865,620,0x308063a2fdf6e5c2
Npc_HiddenKorokFly,Catch the falling light,-1714,-3578,1187,0xbfb9b2ad181b5053
Npc_HiddenKorokFly,Catch the falling light,-682,3535,1187,0x1ec8e6f102e27c3a
Npc_HiddenKorokFly,Catch the falling light,285,1960,754,0xe41300e10fec7359
Npc_HiddenKorokFly,Catch the falling light,1776,-939,967,0x6cb84cda6536209a
Npc_HiddenKorokFly,Catch the falling light,3234,462,942,0xa69a3fd72a90db89
Npc_HiddenKorokFly,Catch the falling light,3662,1408,1169,0xd29712e4cd8b11d3
Npc_HiddenKorokFly,Catch the falling light,4580,-909,1129,0x5649c4fe3b8af1ad
Npc_HiddenKorokFly,Catch the falling light,4747,-1156,1830,0x350a0197959059d6
Npc_HiddenKorokFly,Catch the falling light,4796,3756,1186,0x1e88d319955bffdb
Npc_HiddenKorokGround,Catch the sparkling spot,-4132,-2593,54,0x566cb23934dbca25
Npc_HiddenKorokGround,Catch the sparkling spot,-3964,-609,658,0xd3cfececffff5261
Npc_HiddenKorokGround,Catch the sparkling spot,-3765,3845,270,0x24d6caee021e3e4f
Npc_HiddenKorokGround,Catch the sparkling spot,-3542,752,187,0x5f83341e7ca682c2
Npc_HiddenKorokGround,Catch the sparkling spot,-3316,-2164,50,0x09ac707275ca277c
Npc_HiddenKorokGround,Catch the sparkling spot,-2428,-3264,45,0xe49db8922d08209b
Npc_HiddenKorokGround,Catch the sparkling spot,-2061,769,101,0xdc1f1c4345536704
Npc_HiddenKorokGround,Catch the sparkling spot,-2031,88,158,0xf86a8c8947f28e9e
Npc_HiddenKorokGround,Catch the sparkling spot,-1671,3759,240,0x73cb68ab8edee476
Npc_HiddenKorokGround,Catch the sparkling spot,-1557,-824,61,0x9fd6cbb9caef7010
Npc_HiddenKorokGround,Catch the sparkling spot,-1409,-465,45,0x3c26a6367816faff
Npc_HiddenKorokGround,Catch the sparkling spot,-1151,-1788,156,0x85752795304325fd
Npc_HiddenKorokGround,Catch the sparkling spot,-797,559,83,0x9e70c71f51900ca8
Npc_HiddenKorokGround,Catch the sparkling spot,-675,861,16,0x94fd906843ab3a56
Npc_HiddenKorokGround,Catch the sparkling spot,-421,845,86,0x81c70c68bb9441be
Npc_HiddenKorokGround,Catch the sparkling spot,-415,-3374,33,0x3ece957bbe45e60b
Npc_HiddenKorokGround,Catch the sparkling spot,-238,-1919,42,0x68710dbf23a53abf
Npc_HiddenKorokGround,Catch the sparkling spot,192,897,27,0x541aae456e671899
Npc_HiddenKorokGround,Catch the sparkling spot,211,-886,67,0x1bfbea70fcc7ec13
Npc_HiddenKorokGround,Catch the sparkling spot,246,-822,1450,0x3ed7f1bfd87a8c15
Npc_HiddenKorokGround,Catch the sparkling spot,352,-2000,9,0x343bf9461332b2fe
Npc_HiddenKorokGround,Catch the sparkling spot,617,754,78,0xc36fcf24244f8b84
Npc_HiddenKorokGround,Catch the sparkling spot,1449,-3532,118,0x34e2742c5731a80b
Npc_HiddenKorokGround,Catch the sparkling spot,1611,-3802,92,0x982a6a5be014d899
Npc_HiddenKorokGround,Catch the sparkling spot,1776,-984,121,0x8cbf7f56e39f1f20
Npc_HiddenKorokGround,Catch the sparkling spot,2201,-1373,57,0x5de8be783f951f13
Npc_HiddenKorokGround,Catch the sparkling spot,2294,-3020,184,0x35ae37f391da06dc
Npc_HiddenKorokGround,Catch the sparkling spot,2555,767,119,0x206eb84cf738afdf
Npc_HiddenKorokGround,Catch the sparkling spot,2674,1074,157,0x34e60969e3f18d8b
Npc_HiddenKorokGround,Catch the sparkling spot,2702,2348,621,0x780ed918fe6dd856
Npc_HiddenKorokGround,Catch the sparkling spot,2868,-2187,35,0x729b16e04f9b0b86
Npc_HiddenKorokGround,Catch the sparkling spot,3112,1298,320,0x4740e75f483a6bcc
Npc_HiddenKorokGround,Catch the sparkling spot,3497,579,1194,0x087417fdf868fb68
Npc_HiddenKorokGround,Catch the sparkling spot,3715,-1949,177,0xd408263570561f0a
Npc_HiddenKorokFly,Catch the sparkling spot,3768,2690,20,0x9291e575fbf3694f
Npc_HiddenKorokGround,Catch the sparkling spot,4106,1377,167,0x598acce20d46cafb
Npc_HiddenKorokGround,Catch the sparkling spot,4524,-1005,8,0x912df811016d64f4
Npc_HiddenKorokGround,Catch the sparkling spot,4897,-3693,3,0x6c9e306e8a7cfb0f
Npc_HiddenKorokFly,Climb on the wall/side to touch the marker,-3917,2880,735,0xcccc7e5ace85c246
Npc_HiddenKorokFly,Climb on the wall/side to touch the marker,-1663,3285,977,0x057c9fd8a6e475cb
Npc_HiddenKorokFly,Climb on the wall/side to touch the marker,-1403,-1523,1033,0x1fb9be21384fb6a9
Npc_HiddenKorokFly,Climb on the wall/side to touch the marker,524,2748,1863,0xec3ce9e972abf911
Npc_HiddenKorokFly,Climb on the wall/side to touch the marker,2050,1201,1291,0x801643bbb927b8ae
Npc_HiddenKorokFly,Climb on the wall/side to touch the marker,2933,-2992,1259,0x1c8d77e74a772598
Npc_HiddenKorokGround,Complete the cube puzzle,-4911,-1243,457,0x56574225c85e97fe
Npc_HiddenKorokFly,Complete the cube puzzle,-4509,3461,266,0x8a14d1287b014072
Npc_HiddenKorokFly,Complete the cube puzzle,-4394,-2015,102,0x8a1bd22d8f6e491f
Npc_HiddenKorokGround,Complete the cube puzzle,-4106,2048,191,0x8964e1b21e6ca5b1
Npc_HiddenKorokFly,Complete the cube puzzle,-3941,3162,328,0xcdb36b35cc5c656f
Npc_HiddenKorokGround,Complete the cube puzzle,-3899,-1644,295,0xa99b172d5ff5ab47
Npc_HiddenKorokGround,Complete the cube puzzle,-3877,1763,112,0x89d954eb5f2c5e2e
Npc_HiddenKorokFly,Complete the cube puzzle,-3873,-1177,497,0x7978c713cc884f7b
Npc_HiddenKorokFly,Complete the cube puzzle,-3820,178,56,0x55e54acea28ef7d6
Npc_HiddenKorokFly,Complete the cube puzzle,-3532,488,243,0xb5c097290402912a
Npc_HiddenKorokFly,Complete the cube puzzle,-3442,1313,128,0x32717796e7c5d7b0
Npc_HiddenKorokFly,Complete the cube puzzle,-3208,-1855,80,0x5d8f4dc53df5c628
Npc_HiddenKorokFly,Complete the cube puzzle,-3049,2360,118,0x6cf2df5ac3489784
Npc_HiddenKorokFly,Complete the cube puzzle,-2818,1599,-14,0x6bafbf68f0ad9be0
Npc_HiddenKorokGround,Complete the cube puzzle,-2640,-323,134,0xe49a30271be3b31d
Npc_HiddenKorokFly,Complete the cube puzzle,-2635,2056,345,0xa4e52b50c6141f7c
Npc_HiddenKorokFly,Complete the cube puzzle,-2477,2748,516,0x5de83eaa996dd736
Npc_HiddenKorokFly,Complete the cube puzzle,-2436,1139,167,0xf2d8ab25f623c3e8
Npc_HiddenKorokGround,Complete the cube puzzle,-1938,-2822,158,0xe7340b4951e44acd
Npc_HiddenKorokFly,Complete the cube puzzle,-1764,-1449,93,0xf94d331b9fc6e84c
Npc_HiddenKorokGround,Complete the cube puzzle,-1452,-3638,437,0x9d4c2935a037c550
Npc_HiddenKorokFly,Complete the cube puzzle,-1352,-192,17,0x5fa452408c59bd74
Npc_HiddenKorokGround,Complete the cube puzzle,-1210,3601,196,0x537b466a83eed274
Npc_HiddenKorokGround,Complete the cube puzzle,-1153,-3304,277,0xa7f7b908210a888b
Npc_HiddenKorokFly,Complete the cube puzzle,-1052,2617,36,0xb1f474c2de641132
Npc_HiddenKorokGround,Complete the cube puzzle,-886,-2271,21,0x3784ffb9df373457
Npc_HiddenKorokFly,Complete the cube puzzle,-665,547,28,0x06c98b8403a1178a
Npc_HiddenKorokGround,Complete the cube puzzle,-472,-2039,78,0x9cab701b5c83152f
Npc_HiddenKorokGround,Complete the cube puzzle,-468,-2899,-9,0x34794435827a044e
Npc_HiddenKorokFly,Complete the cube puzzle,-344,786,59,0x947b0bb08af00707
Npc_HiddenKorokGround,Complete the cube puzzle,-53,971,278,0x1bad0d756c4419ea
Npc_HiddenKorokFly,Complete the cube puzzle,276,3120,183,0xb36cb7e424c22356
Npc_HiddenKorokFly,Complete the cube puzzle,542,-1581,1488,0x1943b9aca3be2580
Npc_HiddenKorokGround,Complete the cube puzzle,573,-3853,35,0x320675da391c567c
Npc_HiddenKorokGround,Complete the cube puzzle,589,-1233,12,0x44490e13fe6681e6
Npc_HiddenKorokGround,Complete the cube puzzle,631,-1531,1450,0xee76b05ce4b594b1
Npc_HiddenKorokFly,Complete the cube puzzle,700,-2954,17,0x81dbedca2f9da706
Npc_HiddenKorokGround,Complete the cube puzzle,1241,-1850,341,0xcccc70ed3b02283f
Npc_HiddenKorokFly,Complete the cube puzzle,1328,-3275,94,0x7e308b41283158c0
Npc_HiddenKorokGround,Complete the cube puzzle,1692,-3324,67,0x5b3dfb4f34fcfe96
Npc_HiddenKorokFly,Complete the cube puzzle,1741,2330,426,0xa66d144e2891837b
Npc_HiddenKorokGround,Complete the cube puzzle,2061,2756,482,0x8dc982ae922f8763
Npc_HiddenKorokGround,Complete the cube puzzle,2083,2330,503,0x4267c8d5555edcda
Npc_HiddenKorokFly,Complete the cube puzzle,2211,50,53,0x5c5eca1ae4f429ae
Npc_HiddenKorokFly,Complete the cube puzzle,2234,3677,238,0xc1f59a8fe7395e70
Npc_HiddenKorokFly,Complete the cube puzzle,2559,-2485,256,0x3ee211651adafb7f
Npc_HiddenKorokFly,Complete the cube puzzle,2720,1163,182,0x260f61ea170ad5d9
Npc_HiddenKorokGround,Complete the cube puzzle,3151,3092,147,0x91f7039138146499
Npc_HiddenKorokGround,Complete the cube puzzle,3250,-1336,171,0x69cbe306107cf923
Npc_HiddenKorokFly,Complete the cube puzzle,3358,1300,293,0x3f83a56674a3e0df
Npc_HiddenKorokFly,Complete the cube puzzle,3440,-2517,213,0x5a4b626ba47b743d
Npc_HiddenKorokGround,Complete the cube puzzle,3527,-368,151,0xe48a674c285576ba
Npc_HiddenKorokGround,Complete the cube puzzle,3539,2637,85,0x5ee5a428dd9fd019
Npc_HiddenKorokFly,Complete the cube puzzle,3905,797,386,0x0c4ba09f0869e6ad
Npc_HiddenKorokFly,Complete the cube puzzle,4220,159,280,0x141d4455b7fd250b
Npc_HiddenKorokGround,Complete the cube puzzle,4272,137,107,0x993ada0a92d2f901
Npc_HiddenKorokFly,Complete the cube puzzle,4394,2721,123,0xf7391e7fbfea1e61
Npc_HiddenKorokGround,Complete the cube puzzle,4395,-2415,6,0xb897994bfe565496
Npc_HiddenKorokGround,Complete the cube puzzle,4395,-535,62,0x8eb41c7423c96eca
Npc_HiddenKorokGround,Complete the rock pattern,-4323,-1090,524,0x9108afb5e84a244a
Npc_HiddenKorokGround,Complete the rock pattern,-4067,2505,20,0xbf3ea73490b4ed46
Npc_HiddenKorokGround,Complete the rock pattern,-4013,1637,165,0xdc87ff64af3e16f2
Npc_HiddenKorokGround,Complete the rock pattern,-3565,-733,557,0xf8a19470c0d4f55e
Npc_HiddenKorokGround,Complete the rock pattern,-3561,-1559,453,0x85b81002d66f62ba
Npc_HiddenKorokGround,Complete the rock pattern,-3320,-2275,77,0x3bb39af996d52082
Npc_HiddenKorokGround,Complete the rock pattern,-3162,2466,375,0xc46bcbcc9ace6b1f
Npc_HiddenKorokGround,Complete the rock pattern,-3064,2856,430,0x496266bbcb4fabb1
Npc_HiddenKorokGround,Complete the rock pattern,-2825,704,245,0x3e69143d21995e32
Npc_HiddenKorokGround,Complete the rock pattern,-2801,1948,273,0xfbcacc9c4c298a07
Npc_HiddenKorokGround,Complete the rock pattern,-2715,-497,87,0xc324e2d77ae8581c
Npc_HiddenKorokGround,Complete the rock pattern,-2644,-1532,583,0x7118aa2a59c33f0a
Npc_HiddenKorokGround,Complete the rock pattern,-2604,3236,389,0xde309a52d133c159
Npc_HiddenKorokGround,Complete the rock pattern,-2078,2590,302,0xccc99e40e861fee0
Npc_HiddenKorokGround,Complete the rock pattern,-1943,-2131,82,0x4f482b14d876442d
Npc_HiddenKorokGround,Complete the rock pattern,-1557,-2626,231,0x623b4c177bc80a8a
Npc_HiddenKorokGround,Complete the rock pattern,-1370,-3724,396,0x05037238b632afc8
Npc_HiddenKorokGround,Complete the rock pattern,-1112,-571,95,0xdc7722ccde278ad5
Npc_HiddenKorokFly,Complete the rock pattern,-1093,3402,308,0x1cc406fd95a6eb66
Npc_HiddenKorokGround,Complete the rock pattern,-1040,-2397,29,0x7fa172d0c68871d1
Npc_HiddenKorokGround,Complete the rock pattern,-1017,569,11,0x178d7f49944aa5c9
Npc_HiddenKorokGround,Complete the rock pattern,-511,-1177,23,0xa62a18d66dda2f96
Npc_HiddenKorokGround,Complete the rock pattern,-477,3133,120,0xb163528746c95ed5
Npc_HiddenKorokGround,Complete the rock pattern,-61,867,169,0x3b617791833abc67
Npc_HiddenKorokFly,Complete the rock pattern,424,-1504,1501,0xc6624de93efaa9a3
Npc_HiddenKorokGround,Complete the rock pattern,716,368,11,0xf03cf5ee1f1a3503
Npc_HiddenKorokGround,Complete the rock pattern,760,-1341,1604,0x34ef20e12f80911f
Npc_HiddenKorokGround,Complete the rock pattern,929,-366,41,0x011ab3b096cd3678
Npc_HiddenKorokGround,Complete the rock pattern,1250,2293,323,0x31b3e43ffe0b4b54
Npc_HiddenKorokGround,Complete the rock pattern,1375,2844,362,0xa36180008ee138d7
Npc_HiddenKorokFly,Complete the rock pattern,1557,-2899,186,0x89d02e76291085e2
Npc_HiddenKorokGround,Complete the rock pattern,1677,-1898,694,0x311e5bba13206559
Npc_HiddenKorokGround,Complete the rock pattern,2162,-1036,355,0x70072227a9f02779
Npc_HiddenKorokGround,Complete the rock pattern,2294,943,110,0x3b67043ac7c0b46f
Npc_HiddenKorokGround,Complete the rock pattern,2413,-2269,114,0xd33379472fe84df3
Npc_HiddenKorokGround,Complete the rock pattern,2425,-3403,80,0x05a10bdb4e417900
Npc_HiddenKorokGround,Complete the rock pattern,2440,-1722,1445,0xb0893a06da80d5af
Npc_HiddenKorokGround,Complete the rock pattern,2460,-41,80,0x20579d36b6a64d0b
Npc_HiddenKorokGround,Complete the rock pattern,2700,1748,120,0x8e087792e270408b
Npc_HiddenKorokGround,Complete the rock pattern,3011,-786,147,0x21c40da2caee17e4
Npc_HiddenKorokFly,Complete the rock pattern,3100,-2951,185,0x198185e2b1f9642d
Npc_HiddenKorokGround,Complete the rock pattern,3168,586,116,0x2f4ae92d9cfc7fb4
Npc_HiddenKorokGround,Complete the rock pattern,3237,-1545,198,0xd24ab4de070eee61
Npc_HiddenKorokGround,Complete the rock pattern,3547,965,395,0x0112631c410af679
Npc_HiddenKorokGround,Complete the rock pattern,3801,856,277,0x5e2bf869fa54c085
Npc_HiddenKorokGround,Complete the rock pattern,3944,-413,39,0x29cd804630cdbf87
Npc_HiddenKorokGround,Complete the rock pattern,4335,-1871,213,0x9471409251c54abe
Npc_HiddenKorokGround,Complete the rock pattern,4389,612,276,0x571ffaad4a859799
Npc_HiddenKorokFly,Dive into the ring,-2677,892,239,0x4cabde409d0a20f1
Npc_HiddenKorokFly,Dive into the ring,-1153,-1012,14,0xe4d63832add5855a
Npc_HiddenKorokFly,Dive into the ring,-297,1119,14,0x194e80564bdbfd72
Npc_HiddenKorokFly,Dive into the ring,-284,609,13,0x5ea244c85d2db015
Npc_HiddenKorokFly,Dive into the ring,-105,-3439,5,0x6f78b39393b1bf88
Npc_HiddenKorokFly,Dive into the ring,-39,1691,130,0x295446985395f0fb
Npc_HiddenKorokFly,Dive into the ring,46,-2134,-11,0x7b745fec5252074e
Npc_HiddenKorokFly,Dive into the ring,313,-1436,2027,0xa5f86ed131e216a8
Npc_HiddenKorokFly,Dive into the ring,542,510,14,0x203666a14dd5dba7
Npc_HiddenKorokFly,Dive into the ring,589,-3740,35,0x54c03d6112e90849
Npc_HiddenKorokFly,Dive into the ring,785,-2764,12,0xacc7d5a7b4f49fd9
Npc_HiddenKorokFly,Dive into the ring,1033,-1306,14,0x5896660da2cf26b7
Npc_HiddenKorokFly,Dive into the ring,1308,-178,14,0x64a1c1b822db6d7e
Npc_HiddenKorokFly,Dive into the ring,1330,-3404,471,0x5b484b6fb3a1cf73
Npc_HiddenKorokFly,Dive into the ring,1473,2220,301,0x40607c6aa28d65ae
Npc_HiddenKorokFly,Dive into the ring,1637,-3676,180,0x171b31c217b679f0
Npc_HiddenKorokFly,Dive into the ring,1719,2422,396,0xd9c42d0c9f7949f2
Npc_HiddenKorokFly,Dive into the ring,1793,-3179,81,0x19d1940790d308d9
Npc_HiddenKorokFly,Dive into the ring,2141,-2223,14,0x4eacd4fe970bf591
Npc_HiddenKorokFly,Dive into the ring,2306,15,57,0xa4116e71dfcd8e00
Npc_HiddenKorokFly,Dive into the ring,2804,-1851,14,0xbc005e194be17da3
Npc_HiddenKorokFly,Dive into the ring,3014,-2537,129,0x964707f521f50037
Npc_HiddenKorokFly,Dive into the ring,3135,-433,14,0x52967dd604b793b6
Npc_HiddenKorokFly,Dive into the ring,3388,742,178,0x60d453e3555d1b18
Npc_HiddenKorokFly,Dive into the ring,4189,-812,5,0xb0ba635d61034f97
Npc_HiddenKorokFly,Dive into the ring,4277,2947,151,0xcf37a525b11b2d00
Npc_HiddenKorokFly,Examine the sparkling spot,343,-1756,2282,0x1d3cff37d42542b1
Npc_HiddenKorokFly,Examine where the arrows point to,-4692,-1236,526,0xe38d13c11b633d84
Npc_HiddenKorokFly,Examine where the arrows point to,-4481,1945,166,0xd387e6429b7924c3
Npc_HiddenKorokFly,Examine where the arrows point to,-3982,931,115,0xad36fff4cd899890
Npc_HiddenKorokFly,Examine where the arrows point to,-2620,-2198,68,0x6b8315ce1e0e7e2d
Npc_HiddenKorokFly,Examine where the arrows point to,-2202,356,151,0x1d24951537fdae80
Npc_HiddenKorokFly,Examine where the arrows point to,-1863,-94,119,0x0048c1a15d78b48d
Npc_HiddenKorokFly,Examine where the arrows point to,-1433,-1953,221,0x2b02c51439a6c7ba
Npc_HiddenKorokFly,Examine where the arrows point to,-1227,1578,153,0xc8533da62fb7da09
Npc_HiddenKorokFly,Examine where the arrows point to,-1178,-3511,220,0x4b8f6d0371d90335
Npc_HiddenKorokFly,Examine where the arrows point to,-242,-3919,7,0x91ad161355daf8b9
Npc_HiddenKorokFly,Examine where the arrows point to,-10,-2587,8,0xc4e330e8463f4978
Npc_HiddenKorokFly,Examine where the arrows point to,821,-330,33,0xb1d629b28f6b9601
Npc_HiddenKorokFly,Examine where the arrows point to,954,-3476,23,0x34ac2fdf3c929440
Npc_HiddenKorokFly,Examine where the arrows point to,1368,-2273,189,0x446c6b2c9e7ac660
Npc_HiddenKorokFly,Examine where the arrows point to,1425,1534,366,0x5a7de302911d3ba3
Npc_HiddenKorokFly,Examine where the arrows point to,1794,-3580,30,0xac35135e3daba929
Npc_HiddenKorokFly,Examine where the arrows point to,2012,-1896,17,0xf74c04684d8d22f7
Npc_HiddenKorokFly,Examine where the arrows point to,2672,3442,377,0x62c93a5f5dbcc04c
Npc_HiddenKorokFly,Examine where the arrows point to,2713,-2961,192,0xa7f0ffe3fa78c9f2
Npc_HiddenKorokFly,Examine where the arrows point to,2961,-53,145,0x46b4c947830ccf14
Npc_HiddenKorokFly,Examine where the arrows point to,3074,1140,284,0x19021d4a0340cf61
Npc_HiddenKorokFly,Examine where the arrows point to,3327,2169,139,0x186560ea1b3e338a
Npc_HiddenKorokFly,Examine where the arrows point to,3432,-3325,23,0xf1cf3b20adeb9ca4
Npc_HiddenKorokFly,Examine where the arrows point to,3933,-2480,22,0x979c1e85e3fd911c
Npc_HiddenKorokFly,Examine where the arrows point to,4045,1285,219,0xcbbefdf70367a54c
Npc_HiddenKorokFly,Examine where the arrows point to,4119,-2574,3,0xed26999d6a90b959
Npc_HiddenKorokFly,Examine where the arrows point to,4142,-557,7,0xd9a3a16eca1fb171
Npc_HiddenKorokFly,Examine where the arrows point to,4314,2518,83,0x8efa3ce4009e8c08
Npc_HiddenKorokFly,Examine where the arrows point to,4715,1418,184,0x74c06f9ef6de4914
Npc_HiddenKorokFly,Follow the flower,-4426,-2262,64,0x70674caec943291d
Npc_HiddenKorokFly,Follow the flower,-4225,1737,127,0x8858e38152efa81d
Npc_HiddenKorokGround,Follow the flower,-4124,1935,198,0x93398990e63b012c
Npc_HiddenKorokFly,Follow the flower,-3793,2319,181,0xd0fba8d6f8c47e31
Npc_HiddenKorokFly,Follow the flower,-3772,3344,343,0xe81e90070f7c7b4e
Npc_HiddenKorokGround,Follow the flower,-3737,-996,536,0xdb45f15031ccb253
Npc_HiddenKorokFly,Follow the flower,-3609,358,298,0x0e22ab0f230b6cd2
Npc_HiddenKorokFly,Follow the flower,-3599,1538,144,0x399e3dbb405df6ac
Npc_HiddenKorokGround,Follow the flower,-3589,-3030,53,0xa2ea9d03cb18c242
Npc_HiddenKorokGround,Follow the flower,-3118,235,112,0x54f7f1f2c67512ef
Npc_HiddenKorokGround,Follow the flower,-2937,-2214,209,0xd0f485ba5905f0ea
Npc_HiddenKorokFly,Follow the flower,-2920,546,197,0xecfa87cf2f39c358
Npc_HiddenKorokGround,Follow the flower,-2498,-568,206,0x5e28cff0aa99beca
Npc_HiddenKorokGround,Follow the flower,-1968,-1091,99,0xb8960219505a8593
Npc_HiddenKorokGround,Follow the flower,-1684,3573,987,0xa7dabc07c454a6c5
Npc_HiddenKorokGround,Follow the flower,-1202,-1691,84,0xbbcdd3dfff43d7a4
Npc_HiddenKorokGround,Follow the flower,-995,-3254,252,0xa2eb9ec95c99f353
Npc_HiddenKorokFly,Follow the flower,-428,249,39,0x91990b91201f8d7a
Npc_HiddenKorokFly,Follow the flower,-427,891,118,0xeee2af2e4df05a7b
Npc_HiddenKorokFly,Follow the flower,-18,-2975,117,0x96829b2b2e89e5e8
Npc_HiddenKorokFly,Follow the flower,-1,-1900,109,0x795cac82ff0edebb
Npc_HiddenKorokFly,Follow the flower,268,-2215,39,0x11d3ab9efa1d9334
Npc_HiddenKorokFly,Follow the flower,384,462,55,0x744470ee054e17b3
Npc_HiddenKorokGround,Follow the flower,459,-1699,28,0xcd7a6dd8a2c3ce73
Npc_HiddenKorokGround,Follow the flower,513,-1318,1420,0x19d0c9ba930c53c1
Npc_HiddenKorokFly,Follow the flower,814,-3705,106,0xc37df8786dfa71d7
Npc_HiddenKorokGround,Follow the flower,850,793,119,0x6bf7ea4fb1d30ba0
Npc_HiddenKorokFly,Follow the flower,966,628,89,0x185229637b156984
Npc_HiddenKorokFly,Follow the flower,1245,-1037,146,0x208d5a9be6f89b2b
Npc_HiddenKorokGround,Follow the flower,1533,-3261,97,0xb43d09b2153d7328
Npc_HiddenKorokFly,Follow the flower,1598,-1395,26,0xe8a3861367d37870
Npc_HiddenKorokGround,Follow the flower,1946,-2382,40,0xf5ac635ff2af2df3
Npc_HiddenKorokGround,Follow the flower,2239,2363,531,0xbf5ac6a86815ec33
Npc_HiddenKorokFly,Follow the flower,2269,1837,333,0xaef46f1ee419acad
Npc_HiddenKorokGround,Follow the flower,2332,-1827,1717,0xfebcd969d8ce6a32
Npc_HiddenKorokGround,Follow the flower,2705,-1164,98,0x7261259c1ead3026
Npc_HiddenKorokGround,Follow the flower,2746,202,138,0x90be65e313fcd20b
Npc_HiddenKorokGround,Follow the flower,3011,-371,194,0x093b655f4f2e5933
Npc_HiddenKorokGround,Follow the flower,3645,1460,97,0xca276c54f61e44a8
Npc_HiddenKorokFly,Follow the flower,3678,450,258,0x937b22d749936ce6
Npc_HiddenKorokGround,Follow the flower,3712,-622,2,0x561014c04a918a30
Npc_HiddenKorokGround,Follow the flower,3882,1342,248,0x7915126d76cca4fb
Npc_HiddenKorokFly,Follow the flower,4435,3190,253,0x57c21c16c3af0cea
Npc_HiddenKorokGround,Follow the flower,4463,-844,64,0x6ac0ccb1eb036e59
Npc_HiddenKorokGround,Follow the flower,4506,-1521,2,0xa611c90a954de405
Npc_HiddenKorokFly,Go up to examine the sparking spot,-4247,3125,196,0xc473ef60bd2c4a61
Npc_HiddenKorokFly,Go up to examine the sparking spot,-3853,-2864,61,0x0e2fcf7c1432d1e8
Npc_HiddenKorokFly,Go up to examine the sparking spot,-3565,2257,153,0xd392aeb8d7c223c0
Npc_HiddenKorokFly,Go up to examine the sparking spot,-3493,-985,617,0x7dcb4ecb6c562381
Npc_HiddenKorokFly,Go up to examine the sparking spot,-3413,3506,437,0x9a83f30e0b18c57a
Npc_HiddenKorokFly,Go up to examine the sparking spot,-3268,-2609,123,0x872846ee5b0c4e1c
Npc_HiddenKorokFly,Go up to examine the sparking spot,-3158,2689,596,0x09f9f4a47a209c68
Npc_HiddenKorokFly,Go up to examine the sparking spot,-2868,-1124,414,0x52c34e8c9f404394
Npc_HiddenKorokFly,Go up to examine the sparking spot,-2688,1662,270,0xfa58fd2dbccccfba
Npc_HiddenKorokFly,Go up to examine the sparking spot,-2234,1070,111,0x45fa435b1391269c
Npc_HiddenKorokFly,Go up to examine the sparking spot,-2025,1304,285,0x24b8fd6e40f11627
Npc_HiddenKorokFly,Go up to examine the sparking spot,-1651,-688,142,0x3eb51bac80cfc206
Npc_HiddenKorokFly,Go up to examine the sparking spot,-1589,229,111,0xcebc24fd73003153
Npc_HiddenKorokFly,Go up to examine the sparking spot,-1086,-2050,147,0x21b3257c1a6b6c5a
Npc_HiddenKorokFly,Go up to examine the sparking spot,-812,-1964,193,0xb686334375e5e95d
Npc_HiddenKorokFly,Go up to examine the sparking spot,-637,-2382,-9,0x4999012379bffdc5
Npc_HiddenKorokFly,Go up to examine the sparking spot,-398,-2560,-1,0xbd84416691ca8789
Npc_HiddenKorokFly,Go up to examine the sparking spot,-381,996,393,0x8f2796f4356e5f53
Npc_HiddenKorokFly,Go up to examine the sparking spot,-351,828,182,0x4cb22e829e77d834
Npc_HiddenKorokFly,Go up to examine the sparking spot,-333,1747,200,0xcbb7f7af6a21e295
Npc_HiddenKorokFly,Go up to examine the sparking spot,-254,1059,563,0xde4e8d9a042f69a4
Npc_HiddenKorokFly,Go up to examine the sparking spot,377,-1732,2355,0xc64c6f914902fafd
Npc_HiddenKorokFly,Go up to examine the sparking spot,1400,3782,133,0xea143973302b91be
Npc_HiddenKorokFly,Go up to examine the sparking spot,1602,2827,470,0x5f4a1c2ba81bda78
Npc_HiddenKorokFly,Go up to examine the sparking spot,1758,-984,143,0x24261ebd179ceb68
Npc_HiddenKorokFly,Go up to examine the sparking spot,1767,1537,312,0x195da6a373d712bc
Npc_HiddenKorokFly,Go up to examine the sparking spot,1775,-2767,318,0xc4adbd69a9f5a2fb
Npc_HiddenKorokFly,Go up to examine the sparking spot,2397,-1847,24,0xabb874f587316b3c
Npc_HiddenKorokFly,Go up to examine the sparking spot,2425,410,196,0x84de464b0319b2d9
Npc_HiddenKorokFly,Go up to examine the sparking spot,2635,-2855,230,0xd81342a3e39ec978
Npc_HiddenKorokFly,Go up to examine the sparking spot,2837,-2120,23,0x87d63e1b490f4b21
Npc_HiddenKorokFly,Go up to examine the sparking spot,3192,227,152,0xa6d53a645ed2e2b9
Npc_HiddenKorokFly,Go up to examine the sparking spot,3286,-2180,171,0x14c29654803f590f
Npc_HiddenKorokFly,Go up to examine the sparking spot,3299,1511,438,0x88ce8efe32271ac6
Npc_HiddenKorokFly,Go up to examine the sparking spot,3322,516,309,0xb7492f221f932cdb
Npc_HiddenKorokFly,Go up to examine the sparking spot,3529,-1684,362,0xa6c510ee8b1ffa30
Npc_HiddenKorokFly,Go up to examine the sparking spot,3562,-1113,256,0x18340069fb49b7a0
Npc_HiddenKorokFly,Go up to examine the sparking spot,3742,-1685,387,0xd8b58a2d2c5c4e3f
Npc_HiddenKorokFly,Go up to examine the sparking spot,3782,-2123,288,0xec4abd8bbb706f5f
Npc_HiddenKorokFly,Go up to examine the sparking spot,3796,-3615,20,0xd4b49b84ee1571bb
Npc_HiddenKorokFly,Go up to examine the sparking spot,3896,-1684,387,0xa8a570c32a3ecc6b
Npc_HiddenKorokFly,Go up to examine the sparking spot,3997,-2996,17,0xd27971b2405d55cf
Npc_HiddenKorokFly,Go up to examine the sparking spot,4485,678,256,0x885515fbaae11773
Npc_HiddenKorokFly,Go up to examine the sparking spot,4543,3162,274,0x3f618958e4097c21
Npc_HiddenKorokFly,Go up to examine the sparking spot,4598,-3562,22,0x1c221bb1e307b945
Npc_HiddenKorokGround,Lift the rock,-4377,-525,452,0x5471ca07565b90d0
Npc_HiddenKorokGround,Lift the rock,-4170,1696,111,0x93e0f34cdc9713f1
Npc_HiddenKorokGround,Lift the rock,-4148,-1932,103,0xdcc9431fd3ebcb17
Npc_HiddenKorokGround,Lift the rock,-4038,3365,266,0x9fd381e9d8a29b78
Npc_HiddenKorokGround,Lift the rock,-4003,-969,715,0xfc817200d5d513ae
Npc_HiddenKorokGround,Lift the rock,-3986,1709,180,0x83edb3eca506057b
Npc_HiddenKorokGround,Lift the rock,-3958,2036,209,0x604788e1599c96ca
Npc_HiddenKorokGround,Lift the rock,-3945,1969,210,0x3ad25e46595f630f
Npc_HiddenKorokGround,Lift the rock,-3753,2798,138,0x9fe07c6db8410b40
Npc_HiddenKorokGround,Lift the rock,-3749,-2287,79,0x3d5a44867ec81ca0
Npc_HiddenKorokGround,Lift the rock,-3696,1685,104,0xc57d6f354fe31cc1
Npc_HiddenKorokGround,Lift the rock,-3634,1809,168,0x0b4cb5c134f6e5ee
Npc_HiddenKorokGround,Lift the rock,-3614,1880,403,0x354ad574acff4aa7
Npc_HiddenKorokGround,Lift the rock,-3601,-916,507,0x1b1937e9b655414c
Npc_HiddenKorokGround,Lift the rock,-3351,2993,516,0x50b98467625ced72
Npc_HiddenKorokGround,Lift the rock,-3285,1341,189,0xcc09dcda657b21c9
Npc_HiddenKorokGround,Lift the rock,-3218,3377,1373,0x75cc90ceb2c122d7
Npc_HiddenKorokGround,Lift the rock,-3148,1107,157,0xf6d8b5bfcb50763d
Npc_HiddenKorokGround,Lift the rock,-3133,-113,210,0x1d5d00758bce34de
Npc_HiddenKorokGround,Lift the rock,-3087,2120,122,0x00e4eb1dd5dc9be2
Npc_HiddenKorokGround,Lift the rock,-3012,584,133,0x6ceb26714f5a0ca4
Npc_HiddenKorokGround,Lift the rock,-2601,-669,214,0x53a601eb1d1556ba
Npc_HiddenKorokGround,Lift the rock,-2486,-2055,122,0x0f69cec7b5105a3f
Npc_HiddenKorokGround,Lift the rock,-2340,-1104,145,0x3eb935306a762a9d
Npc_HiddenKorokGround,Lift the rock,-2280,-402,399,0x6afd8452447f54d4
Npc_HiddenKorokGround,Lift the rock,-2244,-1740,106,0xbbee3d3480ad580a
Npc_HiddenKorokGround,Lift the rock,-2221,1580,171,0xa6b1c6c0bc0165a0
Npc_HiddenKorokGround,Lift the rock,-2200,-799,171,0xb13ea71e58eb9dfd
Npc_HiddenKorokGround,Lift the rock,-2198,-1680,62,0x81ada27f9633bbc7
Npc_HiddenKorokGround,Lift the rock,-2140,-1486,280,0x2c5456d175db97ff
Npc_HiddenKorokGround,Lift the rock,-1972,3796,314,0x47f838e06fc44658
Npc_HiddenKorokGround,Lift the rock,-1969,-595,149,0xb7eaa3cc2d1f74c6
Npc_HiddenKorokGround,Lift the rock,-1945,-3185,128,0xf4316c7f183f7a50
Npc_HiddenKorokGround,Lift the rock,-1811,2198,274,0x105b1bef673b9f2e
Npc_HiddenKorokGround,Lift the rock,-1771,-1243,11,0x8deeafa8a1181258
Npc_HiddenKorokGround,Lift the rock,-1763,3554,235,0xe715f58b3ec59e6b
Npc_HiddenKorokGround,Lift the rock,-1742,-401,122,0x4ca9cfca028b4ae5
Npc_HiddenKorokGround,Lift the rock,-1702,-84,93,0x501bc20503a12a34
Npc_HiddenKorokGround,Lift the rock,-1700,-1826,-16,0x3cd4f4f91f24813a
Npc_HiddenKorokGround,Lift the rock,-1518,-1508,44,0x79e3c29f078158bb
Npc_HiddenKorokGround,Lift the rock,-1517,-1923,133,0x3ba9e6124f54b7a2
Npc_HiddenKorokGround,Lift the rock,-1385,-3493,435,0x510860492442b25c
Npc_HiddenKorokGround,Lift the rock,-1344,-689,11,0x45f41ec4b9b7f795
Npc_HiddenKorokGround,Lift the rock,-1295,-2214,313,0x9aa8151cda295f0a
Npc_HiddenKorokGround,Lift the rock,-1288,897,100,0x7d957f94d0365184
Npc_HiddenKorokGround,Lift the rock,-1186,2482,-100,0x351b0943ace2f82a
Npc_HiddenKorokGround,Lift the rock,-1147,2535,-33,0xcd3ef47e2a006007
Npc_HiddenKorokGround,Lift the rock,-1131,18,40,0x5584497f14f4ccd0
Npc_HiddenKorokGround,Lift the rock,-924,-45,107,0x8178ccd8d919b17e
Npc_HiddenKorokGround,Lift the rock,-889,-1908,107,0x90bf00482aee36fd
Npc_HiddenKorokGround,Lift the rock,-765,-674,30,0x4616e6f7caab28b0
Npc_HiddenKorokGround,Lift the rock,-712,-2625,100,0x6b759a709a6be904
Npc_HiddenKorokGround,Lift the rock,-664,-1222,29,0x12266920cd6dd9d4
Npc_HiddenKorokGround,Lift the rock,-599,-1076,37,0x71893b6ec55b65eb
Npc_HiddenKorokFly,Lift the rock,-589,-559,25,0x8d00b3fe2e5975dc
Npc_HiddenKorokGround,Lift the rock,-530,694,35,0x2a4242cac2ae87a1
Npc_HiddenKorokGround,Lift the rock,-287,840,106,0x03e03abfeb18f492
Npc_HiddenKorokGround,Lift the rock,-254,257,47,0xb3a04ef3d6fe86e8
Npc_HiddenKorokGround,Lift the rock,-254,944,306,0x81525f3a265a7263
Npc_HiddenKorokGround,Lift the rock,-254,426,30,0x8b639e8e061957c6
Npc_HiddenKorokGround,Lift the rock,-237,632,80,0xfabc2096c0af7025
Npc_HiddenKorokGround,Lift the rock,-225,-3341,72,0xcdcb4fa83a6d9116
Npc_HiddenKorokGround,Lift the rock,-218,-383,53,0x033443a6a909d730
Npc_HiddenKorokGround,Lift the rock,-151,-3068,38,0x4591d3d81f56b8f8
Npc_HiddenKorokGround,Lift the rock,-128,814,97,0xa4d884bd5e8f57b8
Npc_HiddenKorokGround,Lift the rock,-103,-2292,71,0x244c409f5ff89290
Npc_HiddenKorokGround,Lift the rock,24,-1558,1452,0x332cc92921979ff2
Npc_HiddenKorokGround,Lift the rock,113,-1081,1418,0xc91832ce8a647b32
Npc_HiddenKorokGround,Lift the rock,126,-2502,692,0x0b0f272dece7471f
Npc_HiddenKorokGround,Lift the rock,128,3151,182,0x761aa04b1bb09961
Npc_HiddenKorokGround,Lift the rock,148,-1611,31,0x7028c24d6a72d7c7
Npc_HiddenKorokGround,Lift the rock,172,3037,177,0x22a54abb1699213d
Npc_HiddenKorokGround,Lift the rock,206,-3313,61,0x52ae15f98600f13b
Npc_HiddenKorokGround,Lift the rock,333,-1283,10,0x8fe74ec1de8ba478
Npc_HiddenKorokGround,Lift the rock,340,-2832,-14,0x5a8c0f0e980cb7da
Npc_HiddenKorokGround,Lift the rock,501,-470,63,0x7208da5aa56fc6a4
Npc_HiddenKorokGround,Lift the rock,567,-2384,113,0x99d3f119204f7e1c
Npc_HiddenKorokGround,Lift the rock,625,-753,22,0x89742f6a1cedbdae
Npc_HiddenKorokGround,Lift the rock,754,-451,31,0x78ffbf9763eb6581
Npc_HiddenKorokGround,Lift the rock,770,1416,88,0x06b1e1eaac6a4912
Npc_HiddenKorokGround,Lift the rock,786,2953,283,0x0f52a4fe25499f09
Npc_HiddenKorokGround,Lift the rock,843,-1291,27,0xebe9b9944b046c77
Npc_HiddenKorokGround,Lift the rock,859,3356,210,0xcd9b2186bec321d8
Npc_HiddenKorokGround,Lift the rock,967,1027,11,0xb87bce7e3ba1a303
Npc_HiddenKorokGround,Lift the rock,967,-3185,716,0xde33eeae4c84c180
Npc_HiddenKorokGround,Lift the rock,1096,-3833,3,0x467488806cf0387d
Npc_HiddenKorokGround,Lift the rock,1282,-834,78,0x45b6f62c3fb228cd
Npc_HiddenKorokGround,Lift the rock,1320,716,18,0x1286a31c7ca34324
Npc_HiddenKorokGround,Lift the rock,1476,-3264,87,0x8f8622ce772e0d38
Npc_HiddenKorokGround,Lift the rock,1537,-1302,63,0xc911408c73a82c97
Npc_HiddenKorokGround,Lift the rock,1626,-781,40,0x366adbff1d352423
Npc_HiddenKorokGround,Lift the rock,1671,1981,342,0x9b004503f2f600c7
Npc_HiddenKorokGround,Lift the rock,1695,-929,311,0x1d948b9fec609676
Npc_HiddenKorokGround,Lift the rock,1725,2555,500,0x7f18fb748c5e4fdd
Npc_HiddenKorokGround,Lift the rock,1738,-3468,51,0x0416f74fcfe21bf2
Npc_HiddenKorokGround,Lift the rock,1825,-459,13,0x54106121dab36edc
Npc_HiddenKorokGround,Lift the rock,1858,786,92,0x305c614a1f34bae9
Npc_HiddenKorokGround,Lift the rock,1892,-151,10,0x29f9f8d22b711b0c
Npc_HiddenKorokGround,Lift the rock,1926,-1490,82,0xd3a6cd423e176fef
Npc_HiddenKorokGround,Lift the rock,1942,1208,140,0x81eca7b0e8d5d540
Npc_HiddenKorokGround,Lift the rock,2030,-1167,161,0x35397a59967e4e58
Npc_HiddenKorokGround,Lift the rock,2044,-2661,308,0x8810ac0d1bafc11e
Npc_HiddenKorokGround,Lift the rock,2326,-1829,28,0x2b749fc4ae1e4a25
Npc_HiddenKorokGround,Lift the rock,2345,-1753,1886,0xc201f396c3622317
Npc_HiddenKorokGround,Lift the rock,2472,151,80,0xa187ec5351ebd3b6
Npc_HiddenKorokGround,Lift the rock,2490,-2123,34,0x8d3de9430aaf4589
Npc_HiddenKorokGround,Lift the rock,2547,-585,121,0x96271a5f7934247f
Npc_HiddenKorokGround,Lift the rock,2719,-2740,1223,0x5c5eb9bd003a50f3
Npc_HiddenKorokGround,Lift the rock,2810,-2248,126,0x3d6b5550593877ef
Npc_HiddenKorokGround,Lift the rock,2834,-1119,103,0x454aa7fc1feec9b0
Npc_HiddenKorokGround,Lift the rock,2851,-28,81,0x53a4e9bcbeff2c5e
Npc_HiddenKorokGround,Lift the rock,3013,933,380,0x5127616fca7589ac
Npc_HiddenKorokGround,Lift the rock,3220,282,79,0x99f0cb5eefabe27d
Npc_HiddenKorokGround,Lift the rock,3232,1787,227,0x986d1dbf20c89e06
Npc_HiddenKorokGround,Lift the rock,3264,-2226,107,0x50ccb18cd3a99fad
Npc_HiddenKorokGround,Lift the rock,3267,3397,35,0xbf15b41c0e0b0060
Npc_HiddenKorokGround,Lift the rock,3274,1398,286,0x18c8ea65d8623f9f
Npc_HiddenKorokGround,Lift the rock,3321,-475,22,0xfc8f3891d24efa80
Npc_HiddenKorokGround,Lift the rock,3330,533,113,0xd30c5caa1f0a8670
Npc_HiddenKorokGround,Lift the rock,3649,1798,113,0xc9b70b5662cf2cb8
Npc_HiddenKorokGround,Lift the rock,3666,-3277,207,0xcce3348a0785214a
Npc_HiddenKorokGround,Lift the rock,3676,-2193,218,0x1397dd11bda3b410
Npc_HiddenKorokGround,Lift the rock,3749,-2629,22,0x0741610897698b52
Npc_HiddenKorokGround,Lift the rock,4022,1622,138,0x0255aa0b2b5a3bee
Npc_HiddenKorokGround,Lift the rock,4102,474,264,0x43215f45979c6622
Npc_HiddenKorokGround,Lift the rock,4135,406,417,0xbfd63528091b3b96
Npc_HiddenKorokGround,Lift the rock,4157,3168,251,0x4bdeebd9cf53e12f
Npc_HiddenKorokGround,Lift the rock,4166,63,350,0x888bb5465e0fb942
Npc_HiddenKorokGround,Lift the rock,4459,-357,57,0xb3c234840466577c
Npc_HiddenKorokGround,Lift the rock,4516,-2306,114,0x8872854bccf2a961
Npc_HiddenKorokGround,Lift the rock,4528,2047,1,0x7cb274ad5b394f63
Npc_HiddenKorokGround,Lift the rock,4536,-3663,46,0x7af3b1a2fef48c7a
Npc_HiddenKorokGround,Melt the ice block and lift the rock,-4431,3683,308,0xc5e6febce2a7e832
Npc_HiddenKorokGround,Melt the ice block and lift the rock,-4005,3623,525,0x552e3762db40dc25
Npc_HiddenKorokGround,Melt the ice block and lift the rock,-3850,2738,30,0x66f8f6fa876b4ae1
Npc_HiddenKorokGround,Melt the ice block and lift the rock,-3812,-790,549,0x5c78e1a8ff5d6583
Npc_HiddenKorokGround,Melt the ice block and lift the rock,-3576,3267,389,0x59a0ee0323638e91
Npc_HiddenKorokGround,Melt the ice block and lift the rock,-3249,-1464,402,0x02b7be4f6807a9c2
Npc_HiddenKorokGround,Melt the ice block and lift the rock,-3011,-1501,578,0x26a7a4c54799c4a0
Npc_HiddenKorokGround,Offer apples to the statues,-1316,-1261,34,0xc118da0d74b7f025
Npc_HiddenKorokGround,Offer apples to the statues,-1075,1277,123,0xf56bd7ce68ec4506
Npc_HiddenKorokGround,Offer apples to the statues,164,-1940,46,0x14a3db2c6ac8d31f
Npc_HiddenKorokFly,Offer apples to the statues,637,-2315,61,0x3dfdff3002a2cbc9
Npc_HiddenKorokFly,Offer apples to the statues,1581,723,82,0x4e432eb11662ebf8
Npc_HiddenKorokGround,Offer apples to the statues,2142,-2604,260,0xd65850fc2e6b5c1d
Npc_HiddenKorokFly,Offer apples to the statues,2725,-2122,151,0x0f5148941f612562
Npc_HiddenKorokGround,Offer apples to the statues,3350,3074,60,0xc2e135225b7000a5
Npc_HiddenKorokFly,Offer fruits to the statues,-4059,774,107,0xbb4fc2cd8d3505d0
Npc_HiddenKorokGround,Offer fruits to the statues,-3921,-1591,243,0x2d0c418488b3138a
Npc_HiddenKorokGround,Offer fruits to the statues,-1816,-972,144,0xddd947bcb47a9909
Npc_HiddenKorokGround,Offer fruits to the statues,-1653,2437,241,0xe069ae025a22a2a7
Npc_HiddenKorokGround,Offer fruits to the statues,-790,-2230,89,0xb01bba97c1acc336
Npc_HiddenKorokGround,Offer fruits to the statues,-670,1967,134,0x7a53c47712b65188
Npc_HiddenKorokFly,Offer fruits to the statues,1806,2530,405,0x3ac924a859b0023d
Npc_HiddenKorokGround,Offer fruits to the statues,1847,-3343,59,0xd01748274126a19f
Npc_HiddenKorokFly,Offer fruits to the statues,2240,-726,233,0x3d5708df9b97afc1
Npc_HiddenKorokGround,Offer fruits to the statues,3203,-662,1,0x7e8afaf6e7a7138d
Npc_HiddenKorokGround,Offer fruits to the statues,4492,3148,247,0x01af5890d7adea14
Npc_HiddenKorokFly,Place the boulder on the tree stand,-4420,-352,523,0xdcdd108205217c6a
Npc_HiddenKorokFly,Place the boulder on the tree stand,-3818,834,132,0xab42cd2db337bda3
Npc_HiddenKorokFly,Place the boulder on the tree stand,-3666,-1565,472,0xd805e7c1a14a486d
Npc_HiddenKorokFly,Place the boulder on the tree stand,-2352,-742,212,0x1028d92c90905c1e
Npc_HiddenKorokFly,Place the boulder on the tree stand,-2268,2284,332,0x5c30319d6753c65a
Npc_HiddenKorokFly,Place the boulder on the tree stand,-2244,-2212,260,0x57eee92790a5b644
Npc_HiddenKorokFly,Place the boulder on the tree stand,-1461,2366,146,0xf3d037b42ba370ce
Npc_HiddenKorokFly,Place the boulder on the tree stand,-1164,666,70,0x4c30960d790118a9
Npc_HiddenKorokFly,Place the boulder on the tree stand,-1146,3086,352,0x1ebbae3a026ccf48
Npc_HiddenKorokFly,Place the boulder on the tree stand,63,-1753,48,0xb342e0fe25d3d62e
Npc_HiddenKorokFly,Place the boulder on the tree stand,116,-2961,42,0xccfc9b93508577d6
Npc_HiddenKorokFly,Place the boulder on the tree stand,243,-2875,38,0x214ae0e464be7c9a
Npc_HiddenKorokFly,Place the boulder on the tree stand,343,-2380,31,0x0cb6834cbd1e4b04
Npc_HiddenKorokFly,Place the boulder on the tree stand,390,-3609,80,0xad0d5f78dffb8176
Npc_HiddenKorokFly,Place the boulder on the tree stand,423,-2884,31,0x1fe5fabd8f52aac2
Npc_HiddenKorokFly,Place the boulder on the tree stand,527,-3666,72,0xdc68151d50b9dd65
Npc_HiddenKorokFly,Place the boulder on the tree stand,609,-1468,55,0x4f69b2ceeb2149ca
Npc_HiddenKorokFly,Place the boulder on the tree stand,653,-1770,18,0x0eb42b8faa35102a
Npc_HiddenKorokFly,Place the boulder on the tree stand,895,-2218,154,0xf67c943ab349bba3
Npc_HiddenKorokFly,Place the boulder on the tree stand,1452,1746,319,0xa5df04e52b551856
Npc_HiddenKorokFly,Place the boulder on the tree stand,1701,1756,353,0xae65d5fa58480662
Npc_HiddenKorokFly,Place the boulder on the tree stand,1999,2122,474,0x3e64d09a8f45048e
Npc_HiddenKorokFly,Place the boulder on the tree stand,2295,-1511,70,0xaaf079736e8198ad
Npc_HiddenKorokFly,Place the boulder on the tree stand,2495,-892,204,0x09ba456588319224
Npc_HiddenKorokFly,Place the boulder on the tree stand,3772,3377,176,0x9e1f80f013c75f4d
Npc_HiddenKorokFly,Place the boulder on the tree stand,4113,471,382,0x307204fee1898211
Npc_HiddenKorokFly,Place the boulder on the tree stand,4396,-1458,71,0x73e8903f5e257ee8
Npc_HiddenKorokFly,Pop the hidden balloon,-4389,-715,567,0xe5fbe6e01d5c843b
Npc_HiddenKorokFly,Pop the hidden balloon,-3975,3714,238,0x5f3b1a21b3ef2ad2
Npc_HiddenKorokFly,Pop the hidden balloon,-3974,3734,228,0xf54447eb89680ebe
Npc_HiddenKorokFly,Pop the hidden balloon,-3547,578,195,0xe5ec5e136035c0dc
Npc_HiddenKorokFly,Pop the hidden balloon,-3226,579,164,0xd666414b2addb0ca
Npc_HiddenKorokFly,Pop the hidden balloon,-1688,-1600,-8,0xef7bf8997d282cbd
Npc_HiddenKorokFly,Pop the hidden balloon,-830,-1964,143,0x2fe7aed41e5bdd2d
Npc_HiddenKorokFly,Pop the hidden balloon,-795,-14,71,0x89257490595430bd
Npc_HiddenKorokFly,Pop the hidden balloon,-613,667,13,0x6c128d1c5939373f
Npc_HiddenKorokFly,Pop the hidden balloon,-394,999,322,0x6dc96711b2023f11
Npc_HiddenKorokFly,Pop the hidden balloon,-84,907,320,0x30c00f46420dcc41
Npc_HiddenKorokFly,Pop the hidden balloon,450,-1522,1359,0x760f837e18bd1279
Npc_HiddenKorokFly,Pop the hidden balloon,1023,-3228,17,0x0f9dcda4c373f82b
Npc_HiddenKorokFly,Pop the hidden balloon,1107,858,11,0x865384e420645e53
Npc_HiddenKorokFly,Pop the hidden balloon,1154,-1704,159,0x05f30ce7383f9d97
Npc_HiddenKorokFly,Pop the hidden balloon,1594,2474,439,0xf57f772ccaf84484
Npc_HiddenKorokFly,Pop the hidden balloon,1667,2410,453,0x89237a26fe9f87f4
Npc_HiddenKorokFly,Pop the hidden balloon,1982,-449,71,0xbd399c7a50e6b683
Npc_HiddenKorokFly,Pop the hidden balloon,2278,-2361,182,0x88af16211ba0f024
Npc_HiddenKorokFly,Pop the hidden balloon,2300,-1357,120,0x2e583a31a591b5f6
Npc_HiddenKorokFly,Pop the hidden balloon,2528,-1750,45,0xe270f6391e15b8f3
Npc_HiddenKorokFly,Pop the hidden balloon,2780,2525,621,0x38b0baee08c150ea
Npc_HiddenKorokFly,Pop the hidden balloon,3589,416,208,0xd704014dea7766b9
Npc_HiddenKorokFly,Pull the plug,-4332,2602,338,0xaf1a9ce4ce4ad064
Npc_HiddenKorokFly,Pull the plug,-3584,-1991,247,0x93d0146a37ecf89c
Npc_HiddenKorokFly,Pull the plug,-3137,1553,125,0x70bcbe375b0d8bb7
Npc_HiddenKorokFly,Pull the plug,-3060,-1286,501,0x3d01a11f8ad55ad5
Npc_HiddenKorokFly,Pull the plug,-2819,-1652,475,0xcdf97e6b82505039
Npc_HiddenKorokFly,Pull the plug,-1706,-1707,-36,0x62970c25517a4b72
Npc_HiddenKorokFly,Pull the plug,-1610,-3084,204,0x0335f046719ba8f4
Npc_HiddenKorokFly,Pull the plug,-1399,80,25,0x75697823268ec0df
Npc_HiddenKorokFly,Pull the plug,-952,-1720,98,0x23eb03b0a43ab6c3
Npc_HiddenKorokFly,Pull the plug,-579,2603,387,0x8827f24cb504a873
Npc_HiddenKorokFly,Pull the plug,101,-3842,33,0x6a27669a0b812968
Npc_HiddenKorokFly,Pull the plug,959,-944,11,0xb2ba59447f227426
Npc_HiddenKorokFly,Pull the plug,1326,-1963,187,0x9ea6c5488ed42a7d
Npc_HiddenKorokFly,Pull the plug,1652,-1908,11,0x5fdb84188169f67f
Npc_HiddenKorokFly,Pull the plug,1940,-2564,27,0xca563040946af42c
Npc_HiddenKorokFly,Pull the plug,2426,1723,148,0x5c1cd17480fa55e3
Npc_HiddenKorokFly,Pull the plug,2513,-1866,139,0xb1a740861448e989
Npc_HiddenKorokFly,Pull the plug,2783,198,82,0xd4828e0de75813ca
Npc_HiddenKorokFly,Pull the plug,2878,-2685,193,0x24d931052d5d3529
Npc_HiddenKorokFly,Pull the plug,2921,-1392,381,0x312ae677720f56fb
Npc_HiddenKorokFly,Pull the plug,3012,1203,243,0x055bedf051a39851
Npc_HiddenKorokFly,Pull the plug,3869,1086,226,0x1e10b5ca54bb3cf8
Npc_HiddenKorokFly,Pull the plug,4028,-1095,350,0x240e6a67abc3d8b9
Npc_HiddenKorokFly,Pull the plug,4084,-2974,4,0xa544208210f98365
Npc_HiddenKorokFly,Pull the plug,4175,699,249,0xfcfed5df4806ddf4
Npc_HiddenKorokFly,Pull the plug,4592,-2160,4,0xa810eb71b477f535
Npc_HiddenKorokFly,Reach the target ring within the time limit,-4419,3181,372,0xc4f70c6b778afaca
Npc_HiddenKorokFly,Reach the target ring within the time limit,-3935,-2941,87,0x67ae8a9d9858fb59
Npc_HiddenKorokFly,Reach the target ring within the time limit,-3806,-1475,318,0x0ec371efc2b3740b
Npc_HiddenKorokFly,Reach the target ring within the time limit,-3674,-799,635,0x8b02e554bcc8847d
Npc_HiddenKorokFly,Reach the target ring within the time limit,-3654,-392,277,0x0a1d391869c86d8d
Npc_HiddenKorokFly,Reach the target ring within the time limit,-3508,3836,240,0xb448cedb7612dfdc
Npc_HiddenKorokFly,Reach the target ring within the time limit,-3293,2442,407,0xfd1fc4791b466476
Npc_HiddenKorokFly,Reach the target ring within the time limit,-3201,343,-68,0xa9f0009e7175601a
Npc_HiddenKorokGround,Reach the target ring within the time limit,-2990,3142,845,0x5d4a1aa8a1f9c2e8
Npc_HiddenKorokFly,Reach the target ring within the time limit,-2962,-1400,445,0x15ac51bd47119a12
Npc_HiddenKorokFly,Reach the target ring within the time limit,-2914,240,205,0x99971f1367b1b36c
Npc_HiddenKorokFly,Reach the target ring within the time limit,-2821,-2832,69,0x965d962e8c2c3657
Npc_HiddenKorokFly,Reach the target ring within the time limit,-2654,1283,207,0x3c74abe3d89f5f29
Npc_HiddenKorokFly,Reach the target ring within the time limit,-2262,-2341,293,0xd160e850f10dcea4
Npc_HiddenKorokFly,Reach the target ring within the time limit,-942,820,30,0x3494a515ad3afec9
Npc_HiddenKorokFly,Reach the target ring within the time limit,-595,-1415,40,0x5a9018784c1e29b8
Npc_HiddenKorokFly,Reach the target ring within the time limit,25,-2728,83,0x6e9824184ab88917
Npc_HiddenKorokFly,Reach the target ring within the time limit,459,-2142,13,0x50169f466004791a
Npc_HiddenKorokFly,Reach the target ring within the time limit,759,1644,154,0x4a46475d791463b2
Npc_HiddenKorokFly,Reach the target ring within the time limit,838,-30,16,0x84f594534858b793
Npc_HiddenKorokFly,Reach the target ring within the time limit,889,-2394,79,0xb281a2f987bcb44f
Npc_HiddenKorokFly,Reach the target ring within the time limit,1041,-1068,13,0x7de66884408148fc
Npc_HiddenKorokFly,Reach the target ring within the time limit,2011,-3957,6,0x9880ef2ac1965948
Npc_HiddenKorokFly,Reach the target ring within the time limit,2156,3056,478,0xe817b25b07474ca1
Npc_HiddenKorokFly,Reach the target ring within the time limit,2363,-3438,89,0x02cf11c67360bdbd
Npc_HiddenKorokFly,Reach the target ring within the time limit,2430,-1783,1518,0xc2a022fe9b384466
Npc_HiddenKorokFly,Reach the target ring within the time limit,2579,-2729,260,0x51d31a2da3ec412f
Npc_HiddenKorokFly,Reach the target ring within the time limit,2580,488,183,0x1bd56230b4281fd4
Npc_HiddenKorokFly,Reach the target ring within the time limit,2752,1374,130,0x9a7779752b4e3fa9
Npc_HiddenKorokFly,Reach the target ring within the time limit,2955,256,223,0xe88b9aeef786c7c0
Npc_HiddenKorokFly,Reach the target ring within the time limit,3064,-3395,21,0x133abfb7b6706179
Npc_HiddenKorokFly,Reach the target ring within the time limit,3070,457,275,0x6938008b636b9c0a
Npc_HiddenKorokFly,Reach the target ring within the time limit,4231,-311,5,0xd5200f8502156812
Npc_HiddenKorokFly,Reach the target ring within the time limit,4561,941,180,0xb89f7d67bdf4b58c
Npc_HiddenKorokGround,Remove the boulder and lift the rock,1775,-2933,240,0x6be6e2beb715466a
Npc_HiddenKorokFly,Repair the roof,-3779,1866,263,0xdd93e19fb97b72c5
Npc_HiddenKorokGround,Repair the roof,-3468,-168,67,0x512a4946a3727453
Npc_HiddenKorokGround,Repair the roof,-1659,-1322,109,0x2357aa330a5e9da8
Npc_HiddenKorokGround,Repair the roof,-207,-2205,21,0x7f67c3cfb232e6af
Npc_HiddenKorokGround,Repair the roof,297,-1497,11,0xc73c94332ddffe70
Npc_HiddenKorokGround,Repair the roof,762,11,32,0xf250cc3dfeaec905
Npc_HiddenKorokGround,Repair the roof,3032,2289,334,0x59e72458a1158a88
Npc_HiddenKorokGround,Repair the roof,4134,1495,167,0xb1da5198b606c120
Npc_HiddenKorokFly,Ring the bell,-254,1062,470,0x31fc3653d35cd99b
Npc_HiddenKorokFly,Ring the bell,3366,-1979,145,0x5e8118bc32ef219c
Npc_HiddenKorokFly,Ring the bell,3965,1611,136,0x7065b2f2ffe87b22
Npc_HiddenKorokFly,Shoot the balloon(s),-4687,-1962,62,0xed0cbb089a0ef9e5
Npc_HiddenKorokFly,Shoot the balloon(s),-4635,2819,244,0x9d5a3a1a7ccd1f06
Npc_HiddenKorokFly,Shoot the balloon(s),-3575,-1852,361,0x176baf3c2a560bd8
Npc_HiddenKorokFly,Shoot the balloon(s),-3549,1752,186,0x9827e1e1d4850bf4
Npc_HiddenKorokFly,Shoot the balloon(s),-3466,3476,483,0xd118d735527de0b7
Npc_HiddenKorokFly,Shoot the balloon(s),-3246,-1031,573,0x8a32e87b6cba76f6
Npc_HiddenKorokFly,Shoot the balloon(s),-2385,2137,395,0xb908c8230fff0ee5
Npc_HiddenKorokFly,Shoot the balloon(s),-2359,3678,277,0x82d9f88504460465
Npc_HiddenKorokFly,Shoot the balloon(s),-1817,-1535,103,0x7f3a1056e8afe65a
Npc_HiddenKorokFly,Shoot the balloon(s),-1795,-3579,124,0x8f434e19d7504003
Npc_HiddenKorokGround,Shoot the balloon(s),-1646,-13,129,0x49f32725045be9bb
Npc_HiddenKorokFly,Shoot the balloon(s),-1580,2133,-35,0x8326552c5b0e4017
Npc_HiddenKorokFly,Shoot the balloon(s),-964,-1607,104,0xb4c30f856507e7b3
Npc_HiddenKorokFly,Shoot the balloon(s),-681,3535,288,0xbf89487a7da15cf8
Npc_HiddenKorokFly,Shoot the balloon(s),-438,1116,27,0x397ce7c94488029a
Npc_HiddenKorokFly,Shoot the balloon(s),-426,-147,32,0x837739bb4a85c444
Npc_HiddenKorokFly,Shoot the balloon(s),-360,885,279,0xb0e8a633b7e5b991
Npc_HiddenKorokFly,Shoot the balloon(s),-282,-1576,55,0xc0b40edd855c76f5
Npc_HiddenKorokFly,Shoot the balloon(s),-273,746,135,0x8fd2d7b440adf63d
Npc_HiddenKorokFly,Shoot the balloon(s),206,-2639,-9,0xc772903d9fc162c8
Npc_HiddenKorokFly,Shoot the balloon(s),796,-3346,82,0x0bfe2d9b4ab1c211
Npc_HiddenKorokFly,Shoot the balloon(s),986,1805,212,0x1b8dfd624edd4f15
Npc_HiddenKorokFly,Shoot the balloon(s),1252,-1856,389,0x97ade57ab3433a9f
Npc_HiddenKorokFly,Shoot the balloon(s),1515,292,36,0x6eb1d7d1cbedbb83
Npc_HiddenKorokGround,Shoot the balloon(s),1522,-1845,292,0xef87403c0948ede6
Npc_HiddenKorokFly,Shoot the balloon(s),1936,-2777,390,0x903d11eea863ae92
Npc_HiddenKorokFly,Shoot the balloon(s),2283,-2657,184,0xc3803255c5209e59
Npc_HiddenKorokFly,Shoot the balloon(s),2335,274,28,0x0f8db29b8292398b
Npc_HiddenKorokFly,Shoot the balloon(s),2563,-3599,241,0xe11f9d2c96a75e36
Npc_HiddenKorokFly,Shoot the balloon(s),2951,-79,318,0x26d7c6ca1d6d26f4
Npc_HiddenKorokFly,Shoot the balloon(s),3078,3683,215,0xde77b5dbf79150c1
Npc_HiddenKorokFly,Shoot the balloon(s),3285,339,251,0xa2f1f195f54314cb
Npc_HiddenKorokFly,Shoot the balloon(s),3414,618,1551,0x85ab951b7f171dbb
Npc_HiddenKorokFly,Shoot the balloon(s),3415,-2381,236,0xda6b6c8219c4ab21
Npc_HiddenKorokGround,Shoot the balloon(s),3453,3581,211,0x9cff6f3e3dcbdcd0
Npc_HiddenKorokFly,Shoot the balloon(s),3818,76,214,0x43eb5a8ed311f1df
Npc_HiddenKorokFly,Shoot the balloon(s),3914,-2101,133,0xbcfaec548caa2411
Npc_HiddenKorokFly,Shoot the balloon(s),4274,510,339,0x3c8f65e4357e2f0e
Npc_HiddenKorokFly,Shoot the balloon(s),4491,-3396,6,0xe7ae0c8677a40e7a
Npc_HiddenKorokFly,Shoot the balloon(s),4794,3757,142,0x2968d5963c04437a
Npc_HiddenKorokFly,Shoot the balloon(s),4818,-822,1942,0xce606043df79ed30
Npc_HiddenKorokFly,Use Ascend on the marker,-4592,-2349,47,0xca57fba1dfa9474b
Npc_HiddenKorokFly,Use Ascend on the marker,-4062,1794,157,0x9af06c0d78dac507
Npc_HiddenKorokFly,Use Ascend on the marker,-3840,3417,287,0x527e8949c9d6badf
Npc_HiddenKorokGround,Use Ascend on the marker,-3827,-2860,27,0x1ae169c4708f1ee2
Npc_HiddenKorokFly,Use Ascend on the marker,-3757,-2443,53,0x69f73203ae5fb9ef
Npc_HiddenKorokFly,Use Ascend on the marker,-3716,1039,198,0x0243c27dba6150c9
Npc_HiddenKorokFly,Use Ascend on the marker,-3600,111,-90,0x175cc755836bd41b
Npc_HiddenKorokFly,Use Ascend on the marker,-3435,708,175,0x38ffa9a68d9edee7
Npc_HiddenKorokFly,Use Ascend on the marker,-3424,2067,173,0x87f2fed79e05fff3
Npc_HiddenKorokFly,Use Ascend on the marker,-3163,-1038,439,0x6608a68c185b0c01
Npc_HiddenKorokFly,Use Ascend on the marker,-3002,3220,575,0x248bb738369d9d27
Npc_HiddenKorokFly,Use Ascend on the marker,-2672,-1357,519,0x1bd5ec0a68f59ca0
Npc_HiddenKorokFly,Use Ascend on the marker,-2395,-1034,128,0x5391629081abbab8
Npc_HiddenKorokFly,Use Ascend on the marker,-2221,-693,211,0xb173abf890648dfd
Npc_HiddenKorokFly,Use Ascend on the marker,-1730,1162,248,0xd9fc88ea902e5b12
Npc_HiddenKorokFly,Use Ascend on the marker,-1720,2557,243,0x32bd0aa3cb454c6f
Npc_HiddenKorokFly,Use Ascend on the marker,-1428,-2976,282,0x60e674a5974bb6dc
Npc_HiddenKorokFly,Use Ascend on the marker,-997,3084,203,0xfc9f7292edce07e2
Npc_HiddenKorokFly,Use Ascend on the marker,-951,-1840,92,0x654859ee55bc31c7
Npc_HiddenKorokFly,Use Ascend on the marker,-945,348,28,0x17725d4bd2775153
Npc_HiddenKorokFly,Use Ascend on the marker,-931,-2208,76,0xb7dee713863ea633
Npc_HiddenKorokFly,Use Ascend on the marker,-87,401,33,0xfa43b5407688b679
Npc_HiddenKorokFly,Use Ascend on the marker,229,-1609,16,0x71332bf40218b494
Npc_HiddenKorokFly,Use Ascend on the marker,464,-881,1424,0x91f903d96f9117bc
Npc_HiddenKorokFly,Use Ascend on the marker,919,410,90,0x10da3261b7a6a07c
Npc_HiddenKorokFly,Use Ascend on the marker,1235,-3217,47,0x4fbd0825c630c85a
Npc_HiddenKorokFly,Use Ascend on the marker,1372,-2764,91,0xc0f3935af563217e
Npc_HiddenKorokGround,Use Ascend on the marker,1433,1953,339,0x37ff2d62c37a2925
Npc_HiddenKorokFly,Use Ascend on the marker,2314,1133,190,0xdddb7bf9de3a1a95
Npc_HiddenKorokFly,Use Ascend on the marker,2406,3328,415,0xa18b8abf1cd831de
Npc_HiddenKorokFly,Use Ascend on the marker,2510,-1573,18,0xc6947d12f86a2e46
Npc_HiddenKorokFly,Use Ascend on the marker,2674,-11,108,0x1eb75a19d8331592
Npc_HiddenKorokFly,Use Ascend on the marker,4078,821,236,0xf6ad8ace15b02a4c
Npc_HiddenKorokFly,Use Ascend on the marker,4441,-480,72,0x5882b0baf4cbb284
Npc_HiddenKorokFly,Use the paraglider to reach the goal,-4438,-2114,50,0x9a10c3532ffe0382
Npc_HiddenKorokFly,Use the paraglider to reach the goal,-4176,3816,221,0x7d76677d1f060023
Npc_HiddenKorokFly,Use the paraglider to reach the goal,-3976,732,127,0x441a0cbb614486d9
Npc_HiddenKorokFly,Use the paraglider to reach the goal,-3960,692,1504,0x722109ee22de15c7
Npc_HiddenKorokFly,Use the paraglider to reach the goal,-3848,1327,273,0x515915c5fd347757
Npc_HiddenKorokFly,Use the paraglider to reach the goal,-3645,1048,1796,0x96819f6fe87ddf68
Npc_HiddenKorokFly,Use the paraglider to reach the goal,-3431,-3128,73,0x67cfc5dc4bc18d95
Npc_HiddenKorokFly,Use the paraglider to reach the goal,-3369,-51,2287,0x197cbf3c97ef82c1
Npc_HiddenKorokFly,Use the paraglider to reach the goal,-3102,2142,650,0x56a3a11a7a80395d
Npc_HiddenKorokFly,Use the paraglider to reach the goal,-2921,-482,16,0xdb1ba47d6acb664e
Npc_HiddenKorokFly,Use the paraglider to reach the goal,-2437,-554,206,0xd4fab6d907e2214b
Npc_HiddenKorokFly,Use the paraglider to reach the goal,-1969,3113,354,0x3acc5fe5dd251272
Npc_HiddenKorokFly,Use the paraglider to reach the goal,-1929,-1824,1151,0x4b4cf8229544ed05
Npc_HiddenKorokFly,Use the paraglider to reach the goal,-1146,-381,40,0x10cd744d28343061
Npc_HiddenKorokFly,Use the paraglider to reach the goal,-892,1037,13,0x84170a0729746bab
Npc_HiddenKorokFly,Use the paraglider to reach the goal,-668,-1780,79,0xb6ed06e7d4ed4ea5
Npc_HiddenKorokFly,Use the paraglider to reach the goal,-282,1125,78,0x75835b25478a6a10
Npc_HiddenKorokFly,Use the paraglider to reach the goal,52,3147,177,0x91e0eaf38b83de4a
Npc_HiddenKorokFly,Use the paraglider to reach the goal,1280,-1963,421,0x4c1969dae6181205
Npc_HiddenKorokFly,Use the paraglider to reach the goal,1337,-2062,595,0x23ea491f726cdfca
Npc_HiddenKorokFly,Use the paraglider to reach the goal,1755,2225,485,0x5cd2b42649138cba
Npc_HiddenKorokFly,Use the paraglider to reach the goal,2540,-3291,66,0x56f7ff3c7190bac9
Npc_HiddenKorokFly,Use the paraglider to reach the goal,2976,-2025,20,0xb246ac55489a75b1
Npc_HiddenKorokFly,Use the paraglider to reach the goal,3186,3459,91,0xb101113fece9677b
Npc_HiddenKorokFly,Use the paraglider to reach the goal,3273,-13,278,0x08e8992879723b79
Npc_HiddenKorokFly,Use the paraglider to reach the goal,3544,3024,83,0x4c0759622af1da1b
Npc_HiddenKorokFly,Use the paraglider to reach the goal,4635,566,218,0xd7f3fd658d143424
Npc_HiddenKorokFly,Use the paraglider to reach the goal,4654,2137,1240,0xf9ea5281c2f35aca