Shop Name,NPC Name,Location,Shop Type,X,Y,Height,Currency,Shop ActorName,NPC ActorName,Item,Price,Stock,Item,Price,Stock,Item,Price,Stock,Item,Price,Stock,Item,Price,Stock,Item,Price,Stock,Item,Price,Stock,Item,Price,Stock,Item,Price,Stock,Item,Price,Stock,Item,Price,Stock,Item,Price,Stock,Item,Price,Stock,Item,Price,Stock,Item,Price,Stock,Item,Price,Stock,Item,Price,Stock,Item,Price,Stock,Item,Price,Stock,Item,Price,Stock,Item,Price,Stock,Item,Price,Stock,Item,Price,Stock,Item,Price,Stock,Item,Price,Stock,Item,Price,Stock,Item,Price,Stock,Item,Price,Stock,Item,Price,Stock,Item,Price,Stock,Item,Price,Stock,Item,Price,Stock,Item,Price,Stock,Item,Price,Stock,Item,Price,Stock,Item,Price,Stock,Item,Price,Stock,Item,Price,Stock,Item,Price,Stock,Item,Price,Stock,Item,Price,Stock,Item,Price,Stock,Item,Price,Stock,Item,Price,Stock,Item,Price,Stock,Item,Price,Stock,Item,Price,Stock,Item,Price,Stock,Item,Price,Stock,Item,Price,Stock,Item,Price,Stock,Item,Price,Stock,Item,Price,Stock,Item,Price,Stock,Item,Price,Stock,Item,Price,Stock,Item,Price,Stock,Item,Price,Stock,Item,Price,Stock,Item,Price,Stock
General Store,Mubs,Lookout Landing,General,-207,83,19,Rupees,ShopGeneral_BaseCamp,Npc_SouthernVillage005,Arrow x 5,20,5,Apple,12,5,Hylian Rice,12,3,Hyrule Bass,24,3,Hateno Cheese,20,3,Hylian Hood,70,1,Hylian Tunic,130,1,Hylian Trousers,120,1,Radiant Shirt,800,1,Stealth Chest Guard,700,1,Flamebreaker Armor,700,1,Snowquill Tunic,500,1,,,,,,,,,,,,,,,,,,,,,,,,,,,,,,,,,,,,,,,,,,,,,,,,,,,,,,,,,,,,,,,,,,,,,,,,,,,,,,,,,,,,,,,,,,,,,,,,,,,,,,,,,,,,,,,,,,,,,,,,,,,,,,,,,,,,,,,,,,,,,,,,
Enchanted,Claree,Kakariko Village,Armor,1855,-982,119,Rupees,ShopArmor_Kakariko,Npc_Kakariko012,Stealth Mask,500,1,Stealth Chest Guard,700,1,Stealth Tights,600,1,Radiant Mask,800,1,Radiant Tights,800,1,Radiant Shirt,800,1,,,,,,,,,,,,,,,,,,,,,,,,,,,,,,,,,,,,,,,,,,,,,,,,,,,,,,,,,,,,,,,,,,,,,,,,,,,,,,,,,,,,,,,,,,,,,,,,,,,,,,,,,,,,,,,,,,,,,,,,,,,,,,,,,,,,,,,,,,,,,,,,,,,,,,,,,,,,,,,,,,
High Spirits Produce,Trissa,Kakariko Village,General,1807,-1026,113,Rupees,ShopGeneral_Kakariko,Npc_Kakariko014,Swift Carrot,16,12,Fortified Pumpkin,20,3,Bird Egg,12,5,Goat Butter,12,5,,,,,,,,,,,,,,,,,,,,,,,,,,,,,,,,,,,,,,,,,,,,,,,,,,,,,,,,,,,,,,,,,,,,,,,,,,,,,,,,,,,,,,,,,,,,,,,,,,,,,,,,,,,,,,,,,,,,,,,,,,,,,,,,,,,,,,,,,,,,,,,,,,,,,,,,,,,,,,,,,,,,,,,,
The Curious Quiver,Rola,Kakariko Village,General,1817,-1038,114,Rupees,ShopGeneral_Kakariko,Npc_Kakariko010,Arrow x 5,20,2,Arrow,5,10,Aerocuda Wing,24,3,Aerocuda Eyeball,16,3,,,,,,,,,,,,,,,,,,,,,,,,,,,,,,,,,,,,,,,,,,,,,,,,,,,,,,,,,,,,,,,,,,,,,,,,,,,,,,,,,,,,,,,,,,,,,,,,,,,,,,,,,,,,,,,,,,,,,,,,,,,,,,,,,,,,,,,,,,,,,,,,,,,,,,,,,,,,,,,,,,,,,,,,
East Wind,Pruce,Hateno Village,General,3357,-2162,120,Rupees,ShopGeneral_Hateno,Npc_HatenoVillage002,Goat Butter,12,5,Hylian Shroom,12,3,Fortified Pumpkin,20,2,Arrow x 5,20,3,Fresh Milk,12,3,Swift Carrot,16,10,Hylian Tomato,16,10,Bird Egg,12,5,Hylian Rice,12,5,Sun Pumpkin,20,2,Hateno Cheese,20,5,,,,,,,,,,,,,,,,,,,,,,,,,,,,,,,,,,,,,,,,,,,,,,,,,,,,,,,,,,,,,,,,,,,,,,,,,,,,,,,,,,,,,,,,,,,,,,,,,,,,,,,,,,,,,,,,,,,,,,,,,,,,,,,,,,,,,,,,,,,,,,,,,,,
Ventest Clothing Boutique,Sophie,Hateno Village,Armor,3359,-2126,121,Rupees,ShopArmor_Hateno,Npc_HatenoVillage019,Hylian Hood,70,1,Hylian Tunic,130,1,Hylian Trousers,120,1,Royal Guard Uniform,2200,1,Cece Hat,4000,1,,,,,,,,,,,,,,,,,,,,,,,,,,,,,,,,,,,,,,,,,,,,,,,,,,,,,,,,,,,,,,,,,,,,,,,,,,,,,,,,,,,,,,,,,,,,,,,,,,,,,,,,,,,,,,,,,,,,,,,,,,,,,,,,,,,,,,,,,,,,,,,,,,,,,,,,,,,,,,,,,,,,,
Cece,Cece,Hateno Village,,,,,Rupees,-,Npc_HatenoVillage019_SisterA,Well-Worn Hair Band,20,1,Archaic Tunic,50,1,Archaic Legwear,50,1,Archaic Warm Greaves,80,1,Soldier's Helm,180,1,Soldier's Armor,250,1,Soldier's Greaves,200,1,Climber's Bandanna,800,1,Climbing Gear,700,1,Climbing Boots,600,1,Rubber Helm,4000,1,Rubber Armor,4000,1,Rubber Tights,4000,1,Barbarian Helm,4000,1,Barbarian Armor,4000,1,Barbarian Leg Wraps,4000,1,Glide Mask,4000,1,Glide Shirt,4000,1,Glide Tights,4000,1,Froggy Hood,4000,1,Froggy Sleeve,4000,1,Froggy Leggings,4000,1,Miner's Mask,4000,1,Miner's Top,4000,1,Miner's Trousers,4000,1,Ember Headdress,4000,1,Ember Shirt,4000,1,Ember Trousers,4000,1,Frostbite Headdress,4000,1,Frostbite Shirt,4000,1,Frostbite Trousers,4000,1,Mystic Headpiece,4000,1,Mystic Robe,4000,1,Mystic Trousers,4000,1,Zonaite Helm,4000,1,Zonaite Waistguard,4000,1,Zonaite Shin Guards,4000,1,Bokoblin Mask,4000,1,Moblin Mask,4000,1,Lizalfos Mask,4000,1,Horriblin Mask,4000,1,Lynel Mask,4000,1,Yiga Mask,4000,1,Yiga Armor,4000,1,Yiga Tights,4000,1,Royal Guard Cap,4000,1,Royal Guard Boots,4000,1,Vah Ruta Divine Helm,4000,1,Vah Medoh Divine Helm,4000,1,Vah Rudania Divine Helm,4000,1,Vah Naboris Divine Helm,4000,1,Hylian Shield,3000,1,,,,,,,,,,,,,,,,,,,,,,,,
Koyin,Koyin,Hateno Village,,,,,Rupees,-,Npc_HatenoVillage025,Hateno Cheese,20,8,,,,,,,,,,,,,,,,,,,,,,,,,,,,,,,,,,,,,,,,,,,,,,,,,,,,,,,,,,,,,,,,,,,,,,,,,,,,,,,,,,,,,,,,,,,,,,,,,,,,,,,,,,,,,,,,,,,,,,,,,,,,,,,,,,,,,,,,,,,,,,,,,,,,,,,,,,,,,,,,,,,,,,,,,,,,,,,,,
Compendium Shop,-,Hateno Ancient Tech Lab,,,,,Rupees,-,Obj_HatenoLaboBook_A_01,Fauna Picture,100,1,Enemy Picture,100,10,Material Picture,100,1,Weapon Picture,100,1,Other Picture,100,1,Elite Enemy Picture,500,1,,,,,,,,,,,,,,,,,,,,,,,,,,,,,,,,,,,,,,,,,,,,,,,,,,,,,,,,,,,,,,,,,,,,,,,,,,,,,,,,,,,,,,,,,,,,,,,,,,,,,,,,,,,,,,,,,,,,,,,,,,,,,,,,,,,,,,,,,,,,,,,,,,,,,,,,,,,,,,,,,,
Dream Home Shop,Grantéson,Link's House,,,,,Rupees,-,Npc_AncientAssistant003,Angled Room,300,10,Furnished Angled Room,400,10,Square Room,350,10,Furnished Square Room,450,10,Weapon Stand Room,600,3,Bow Stand Room,600,3,Shield Stand Room,600,3,Gallery,400,3,Bedroom,400,5,Kitchen,400,5,Blessing Room,400,5,Paddock,400,10,Foyer,300,15,Study,250,15,Indoor Stairs,300,15,Outdoor Stairs,300,15,Garden Pond,300,15,Flower Bed,250,15,,,,,,,,,,,,,,,,,,,,,,,,,,,,,,,,,,,,,,,,,,,,,,,,,,,,,,,,,,,,,,,,,,,,,,,,,,,,,,,,,,,,,,,,,,,,,,,,,,,,,,,,,,,,,,,,,,,,,,,,,,,,,,
General Store,Fyson,Tarrey Town,General,4000,1630,128,Rupees,ShopGeneral_UMiiVillage,Npc_HighMountain010,Arrow x 5,20,3,Monster Extract,50,3,Bomb Flower,40,4,Dazzlefruit,20,4,,,,,,,,,,,,,,,,,,,,,,,,,,,,,,,,,,,,,,,,,,,,,,,,,,,,,,,,,,,,,,,,,,,,,,,,,,,,,,,,,,,,,,,,,,,,,,,,,,,,,,,,,,,,,,,,,,,,,,,,,,,,,,,,,,,,,,,,,,,,,,,,,,,,,,,,,,,,,,,,,,,,,,,,
The Slippery Falcon,Cree,Rito Village,General,,,,Rupees,ShopGeneral_Rito,Npc_HighMountain034,Goat Butter,12,3,Tabantha Wheat,12,3,Cane Sugar,12,3,Arrow x 5,20,3,Oil Jar,12,3,Sunshroom,16,4,,,,,,,,,,,,,,,,,,,,,,,,,,,,,,,,,,,,,,,,,,,,,,,,,,,,,,,,,,,,,,,,,,,,,,,,,,,,,,,,,,,,,,,,,,,,,,,,,,,,,,,,,,,,,,,,,,,,,,,,,,,,,,,,,,,,,,,,,,,,,,,,,,,,,,,,,,,,,,,,,,
The Slippery Falcon,Misa,Rito Village,General,-3639,1818,184,Rupees,ShopGeneral_Rito,Npc_HighMountain021,Goat Butter,12,3,Tabantha Wheat,12,3,Cane Sugar,12,3,Arrow x 5,20,3,Oil Jar,12,3,Sunshroom,16,4,,,,,,,,,,,,,,,,,,,,,,,,,,,,,,,,,,,,,,,,,,,,,,,,,,,,,,,,,,,,,,,,,,,,,,,,,,,,,,,,,,,,,,,,,,,,,,,,,,,,,,,,,,,,,,,,,,,,,,,,,,,,,,,,,,,,,,,,,,,,,,,,,,,,,,,,,,,,,,,,,,
Brazen Beak,Kheel,Rito Village,,,,,Rupees,ShopArmor_Rito,Npc_HighMountain035,Snowquill Headdress,650,1,Snowquill Tunic,500,1,Snowquill Trousers,1000,1,,,,,,,,,,,,,,,,,,,,,,,,,,,,,,,,,,,,,,,,,,,,,,,,,,,,,,,,,,,,,,,,,,,,,,,,,,,,,,,,,,,,,,,,,,,,,,,,,,,,,,,,,,,,,,,,,,,,,,,,,,,,,,,,,,,,,,,,,,,,,,,,,,,,,,,,,,,,,,,,,,,,,,,,,,,
Brazen Beak,Nekk,Rito Village,Armor,-3630,1787,186,Rupees,ShopArmor_Rito,Npc_HighMountain008,Snowquill Headdress,650,1,Snowquill Tunic,500,1,Snowquill Trousers,1000,1,,,,,,,,,,,,,,,,,,,,,,,,,,,,,,,,,,,,,,,,,,,,,,,,,,,,,,,,,,,,,,,,,,,,,,,,,,,,,,,,,,,,,,,,,,,,,,,,,,,,,,,,,,,,,,,,,,,,,,,,,,,,,,,,,,,,,,,,,,,,,,,,,,,,,,,,,,,,,,,,,,,,,,,,,,,
Russ,Russ,Selmie's Spot,,,,,Rupees,-,NPC_Lanayru001,Wooden Shield,30,1,Soldier’s Shield,100,1,Knight's Shield,300,1,,,,,,,,,,,,,,,,,,,,,,,,,,,,,,,,,,,,,,,,,,,,,,,,,,,,,,,,,,,,,,,,,,,,,,,,,,,,,,,,,,,,,,,,,,,,,,,,,,,,,,,,,,,,,,,,,,,,,,,,,,,,,,,,,,,,,,,,,,,,,,,,,,,,,,,,,,,,,,,,,,,,,,,,,,,
Dayto,Dayto,YunoboCo HQ,,,,,Rupees,-,Npc_Road_027,Flamebreaker Armor,700,1,,,,,,,,,,,,,,,,,,,,,,,,,,,,,,,,,,,,,,,,,,,,,,,,,,,,,,,,,,,,,,,,,,,,,,,,,,,,,,,,,,,,,,,,,,,,,,,,,,,,,,,,,,,,,,,,,,,,,,,,,,,,,,,,,,,,,,,,,,,,,,,,,,,,,,,,,,,,,,,,,,,,,,,,,,,,,,,,,
Armor Shop,Rogaro,Goron City,Armor,1641,2417,383,Rupees,ShopArmor_Goron,Npc_goron004,Flamebreaker Helm,1400,1,Flamebreaker Armor,700,1,Flamebreaker Boots,1200,1,,,,,,,,,,,,,,,,,,,,,,,,,,,,,,,,,,,,,,,,,,,,,,,,,,,,,,,,,,,,,,,,,,,,,,,,,,,,,,,,,,,,,,,,,,,,,,,,,,,,,,,,,,,,,,,,,,,,,,,,,,,,,,,,,,,,,,,,,,,,,,,,,,,,,,,,,,,,,,,,,,,,,,,,,,,
General Store,Tanko,Goron City,General,1673,2456,384,Rupees,ShopGeneral_Goron,Npc_goron002,Rock Salt,12,3,Cane Sugar,12,3,Goron Spice,16,3,Arrow x 5,20,4,Fire Fruit,12,5,,,,,,,,,,,,,,,,,,,,,,,,,,,,,,,,,,,,,,,,,,,,,,,,,,,,,,,,,,,,,,,,,,,,,,,,,,,,,,,,,,,,,,,,,,,,,,,,,,,,,,,,,,,,,,,,,,,,,,,,,,,,,,,,,,,,,,,,,,,,,,,,,,,,,,,,,,,,,,,,,,,,,
Aji,Aji,Goron City,,,,,Rupees,-,Npc_Goron005,Sapphire,300,3,,,,,,,,,,,,,,,,,,,,,,,,,,,,,,,,,,,,,,,,,,,,,,,,,,,,,,,,,,,,,,,,,,,,,,,,,,,,,,,,,,,,,,,,,,,,,,,,,,,,,,,,,,,,,,,,,,,,,,,,,,,,,,,,,,,,,,,,,,,,,,,,,,,,,,,,,,,,,,,,,,,,,,,,,,,,,,,,,
Gonguron,Gonguron,Goron City,,,,,Rupees,-,Npc_Goron009,Diamond,1000,3,,,,,,,,,,,,,,,,,,,,,,,,,,,,,,,,,,,,,,,,,,,,,,,,,,,,,,,,,,,,,,,,,,,,,,,,,,,,,,,,,,,,,,,,,,,,,,,,,,,,,,,,,,,,,,,,,,,,,,,,,,,,,,,,,,,,,,,,,,,,,,,,,,,,,,,,,,,,,,,,,,,,,,,,,,,,,,,,,
YunoboCo Mineral Market,Shmid,Eldin,,,,,Rupees,-,Npc_Goron019,Flint,10,3,,,,,,,,,,,,,,,,,,,,,,,,,,,,,,,,,,,,,,,,,,,,,,,,,,,,,,,,,,,,,,,,,,,,,,,,,,,,,,,,,,,,,,,,,,,,,,,,,,,,,,,,,,,,,,,,,,,,,,,,,,,,,,,,,,,,,,,,,,,,,,,,,,,,,,,,,,,,,,,,,,,,,,,,,,,,,,,,,
YunoboCo Mineral Market,Bladon,Eldin,,,,,Rupees,-,Npc_Goron010,Ruby,220,3,,,,,,,,,,,,,,,,,,,,,,,,,,,,,,,,,,,,,,,,,,,,,,,,,,,,,,,,,,,,,,,,,,,,,,,,,,,,,,,,,,,,,,,,,,,,,,,,,,,,,,,,,,,,,,,,,,,,,,,,,,,,,,,,,,,,,,,,,,,,,,,,,,,,,,,,,,,,,,,,,,,,,,,,,,,,,,,,,
Bedrock Bistro,Cooke,Bedrock Bistro,,,,,Rupees,-,Npc_Goron_Cafe001,Seared Prime Steak,58,1,Roasted Bird Thigh,28,1,Seared Gourmet Steak,140,1,,,,,,,,,,,,,,,,,,,,,,,,,,,,,,,,,,,,,,,,,,,,,,,,,,,,,,,,,,,,,,,,,,,,,,,,,,,,,,,,,,,,,,,,,,,,,,,,,,,,,,,,,,,,,,,,,,,,,,,,,,,,,,,,,,,,,,,,,,,,,,,,,,,,,,,,,,,,,,,,,,,,,,,,,,,
Coral Reef,Cleff,Zora's Domain,General,3321,485,139,Rupees,ShopGeneral_Zora,Npc_Zora002,Arrow x 5,20,3,Hylian Rice,12,4,Swift Violet,40,4,Hylian Tomato,16,4,Splash Fruit,10,4,Sizzlefin Trout,24,2,Mighty Carp,40,2,Armored Carp,40,2,,,,,,,,,,,,,,,,,,,,,,,,,,,,,,,,,,,,,,,,,,,,,,,,,,,,,,,,,,,,,,,,,,,,,,,,,,,,,,,,,,,,,,,,,,,,,,,,,,,,,,,,,,,,,,,,,,,,,,,,,,,,,,,,,,,,,,,,,,,,,,,,,,,,,,,,,,,,
General Store,Kachoo,Kara Kara Bazaar,General,-3259,-2600,26,Rupees,ShopGeneral_Oasis,Npc_SmallOasis004,Arrow,5,1,Chuchu Jelly,8,1,Red Chuchu Jelly,16,1,Yellow Chuchu Jelly,16,1,White Chuchu Jelly,16,1,,,,,,,,,,,,,,,,,,,,,,,,,,,,,,,,,,,,,,,,,,,,,,,,,,,,,,,,,,,,,,,,,,,,,,,,,,,,,,,,,,,,,,,,,,,,,,,,,,,,,,,,,,,,,,,,,,,,,,,,,,,,,,,,,,,,,,,,,,,,,,,,,,,,,,,,,,,,,,,,,,,,,
General Store,Emri,Kara Kara Bazaar,General,-3273,-2564,23,Rupees,ShopGeneral_Oasis,Npc_SmallOasis010,Oil Jar,12,5,Hydromelon,16,7,Electric Safflina,12,3,,,,,,,,,,,,,,,,,,,,,,,,,,,,,,,,,,,,,,,,,,,,,,,,,,,,,,,,,,,,,,,,,,,,,,,,,,,,,,,,,,,,,,,,,,,,,,,,,,,,,,,,,,,,,,,,,,,,,,,,,,,,,,,,,,,,,,,,,,,,,,,,,,,,,,,,,,,,,,,,,,,,,,,,,,,
Armor Shop,Saula,Kara Kara Bazaar,Armor,-3273,-2551,23,Rupees,ShopArmor_Gerudo,Npc_oasis015,Desert Voe Headband,450,1,,,,,,,,,,,,,,,,,,,,,,,,,,,,,,,,,,,,,,,,,,,,,,,,,,,,,,,,,,,,,,,,,,,,,,,,,,,,,,,,,,,,,,,,,,,,,,,,,,,,,,,,,,,,,,,,,,,,,,,,,,,,,,,,,,,,,,,,,,,,,,,,,,,,,,,,,,,,,,,,,,,,,,,,,,,,,,,,,
General Store,Maike,Kara Kara Bazaar,General,-3271,-2539,23,Rupees,ShopGeneral_Oasis,Npc_SmallOasis009,Roasted Bass,23,3,Seared Steak,30,3,Lizalfos Tail,72,3,,,,,,,,,,,,,,,,,,,,,,,,,,,,,,,,,,,,,,,,,,,,,,,,,,,,,,,,,,,,,,,,,,,,,,,,,,,,,,,,,,,,,,,,,,,,,,,,,,,,,,,,,,,,,,,,,,,,,,,,,,,,,,,,,,,,,,,,,,,,,,,,,,,,,,,,,,,,,,,,,,,,,,,,,,,
General Store,Danda,Gerudo Town,General,-3854,-2914,43,Rupees,ShopGeneral_Gerudo,Npc_oasis002,Arrow x 5,20,3,Red Chuchu Jelly,16,3,White Chuchu Jelly,16,3,Yellow Chuchu Jelly,16,3,Bomb Flower,40,3,,,,,,,,,,,,,,,,,,,,,,,,,,,,,,,,,,,,,,,,,,,,,,,,,,,,,,,,,,,,,,,,,,,,,,,,,,,,,,,,,,,,,,,,,,,,,,,,,,,,,,,,,,,,,,,,,,,,,,,,,,,,,,,,,,,,,,,,,,,,,,,,,,,,,,,,,,,,,,,,,,,,,
General Store,Estan,Gerudo Town,General,-3846,-2906,43,Rupees,ShopGeneral_Gerudo,Npc_oasis046,Seared Steak,30,1,Seared Prime Steak,58,1,Seared Gourmet Steak,140,1,,,,,,,,,,,,,,,,,,,,,,,,,,,,,,,,,,,,,,,,,,,,,,,,,,,,,,,,,,,,,,,,,,,,,,,,,,,,,,,,,,,,,,,,,,,,,,,,,,,,,,,,,,,,,,,,,,,,,,,,,,,,,,,,,,,,,,,,,,,,,,,,,,,,,,,,,,,,,,,,,,,,,,,,,,,
Starlight Memories,Cara,Gerudo Town,Armor,-3834,-2876,43,Rupees,ShopJewelry_Gerudo,Npc_oasis012,Ruby Circlet,1300,1,Sapphire Circlet,1400,1,Amber Earrings,400,1,Opal Earrings,700,1,Topaz Earrings,1200,1,Diamond Circlet,2400,1,,,,,,,,,,,,,,,,,,,,,,,,,,,,,,,,,,,,,,,,,,,,,,,,,,,,,,,,,,,,,,,,,,,,,,,,,,,,,,,,,,,,,,,,,,,,,,,,,,,,,,,,,,,,,,,,,,,,,,,,,,,,,,,,,,,,,,,,,,,,,,,,,,,,,,,,,,,,,,,,,,
General Store,Lorn,Gerudo Town,General,-3820,-2879,43,Rupees,ShopGeneral_Gerudo,Npc_oasis045,Voltfruit,16,3,Hydromelon,16,3,Palm Fruit,16,3,,,,,,,,,,,,,,,,,,,,,,,,,,,,,,,,,,,,,,,,,,,,,,,,,,,,,,,,,,,,,,,,,,,,,,,,,,,,,,,,,,,,,,,,,,,,,,,,,,,,,,,,,,,,,,,,,,,,,,,,,,,,,,,,,,,,,,,,,,,,,,,,,,,,,,,,,,,,,,,,,,,,,,,,,,,
General Store,Ardin,Gerudo Town,General,-3822,-2922,43,Rupees,ShopGeneral_Gerudo,Npc_oasis043,Ironshroom,20,1,Razorshroom,20,1,Sunshroom,16,1,Zapshroom,16,1,Chillshroom,16,1,,,,,,,,,,,,,,,,,,,,,,,,,,,,,,,,,,,,,,,,,,,,,,,,,,,,,,,,,,,,,,,,,,,,,,,,,,,,,,,,,,,,,,,,,,,,,,,,,,,,,,,,,,,,,,,,,,,,,,,,,,,,,,,,,,,,,,,,,,,,,,,,,,,,,,,,,,,,,,,,,,,,,
General Store,Spera,Gerudo Town,General,-3826,-2940,43,Rupees,ShopGeneral_Gerudo,Npc_oasis044,Rock Salt,12,3,Hylian Rice,12,3,Tabantha Wheat,12,3,,,,,,,,,,,,,,,,,,,,,,,,,,,,,,,,,,,,,,,,,,,,,,,,,,,,,,,,,,,,,,,,,,,,,,,,,,,,,,,,,,,,,,,,,,,,,,,,,,,,,,,,,,,,,,,,,,,,,,,,,,,,,,,,,,,,,,,,,,,,,,,,,,,,,,,,,,,,,,,,,,,,,,,,,,,
Gerudo Secret Club,Greta,Gerudo Town,Armor,-3791,-2913,43,Rupees,-,Npc_oasis005,Desert Voe Spaulder,1300,1,Desert Voe Trousers,650,1,Snow Boots,1300,1,Sand Boots,1200,1,,,,,,,,,,,,,,,,,,,,,,,,,,,,,,,,,,,,,,,,,,,,,,,,,,,,,,,,,,,,,,,,,,,,,,,,,,,,,,,,,,,,,,,,,,,,,,,,,,,,,,,,,,,,,,,,,,,,,,,,,,,,,,,,,,,,,,,,,,,,,,,,,,,,,,,,,,,,,,,,,,,,,,,,
Yiga Footsoldier,Yiga Footsoldier,Yiga Clan Hideout,General,-3680,-1344,334,Rupees,-,Npc_Assassin_Junior_Azito002,Eightfold Blade,110,1,Eightfold Longblade,264,1,,,,,,,,,,,,,,,,,,,,,,,,,,,,,,,,,,,,,,,,,,,,,,,,,,,,,,,,,,,,,,,,,,,,,,,,,,,,,,,,,,,,,,,,,,,,,,,,,,,,,,,,,,,,,,,,,,,,,,,,,,,,,,,,,,,,,,,,,,,,,,,,,,,,,,,,,,,,,,,,,,,,,,,,,,,,,,
Yiga Footsoldier,Yiga Footsoldier,Yiga Clan Hideout,General,-3655,-1329,334,Rupees,-,Npc_Assassin_Junior_Azito004,Duplex Bow,88,1,Arrow x 10,35,4,,,,,,,,,,,,,,,,,,,,,,,,,,,,,,,,,,,,,,,,,,,,,,,,,,,,,,,,,,,,,,,,,,,,,,,,,,,,,,,,,,,,,,,,,,,,,,,,,,,,,,,,,,,,,,,,,,,,,,,,,,,,,,,,,,,,,,,,,,,,,,,,,,,,,,,,,,,,,,,,,,,,,,,,,,,,,,
Yiga Footsoldier,Yiga Footsoldier,Yiga Clan Hideout,General,-3666,-1370,335,Rupees,-,Npc_Assassin_Junior_Azito005,Mighty Bananas,20,6,,,,,,,,,,,,,,,,,,,,,,,,,,,,,,,,,,,,,,,,,,,,,,,,,,,,,,,,,,,,,,,,,,,,,,,,,,,,,,,,,,,,,,,,,,,,,,,,,,,,,,,,,,,,,,,,,,,,,,,,,,,,,,,,,,,,,,,,,,,,,,,,,,,,,,,,,,,,,,,,,,,,,,,,,,,,,,,,,
Traveler,Traveler,,,,,,Rupees,-,Npc_Assassin_003,Roasted Mighty Bananas,129,99,,,,,,,,,,,,,,,,,,,,,,,,,,,,,,,,,,,,,,,,,,,,,,,,,,,,,,,,,,,,,,,,,,,,,,,,,,,,,,,,,,,,,,,,,,,,,,,,,,,,,,,,,,,,,,,,,,,,,,,,,,,,,,,,,,,,,,,,,,,,,,,,,,,,,,,,,,,,,,,,,,,,,,,,,,,,,,,,,
General Store,Garini,Lurelin Village,General,2954,-3492,1,Rupees,ShopGeneral_Uotori,Npc_SouthernVillage014,Arrow x 5,20,3,Mighty Porgy,40,1,Ironshell Crab,32,3,Octorok Eyeball,16,1,Octo Balloon,20,3,,,,,,,,,,,,,,,,,,,,,,,,,,,,,,,,,,,,,,,,,,,,,,,,,,,,,,,,,,,,,,,,,,,,,,,,,,,,,,,,,,,,,,,,,,,,,,,,,,,,,,,,,,,,,,,,,,,,,,,,,,,,,,,,,,,,,,,,,,,,,,,,,,,,,,,,,,,,,,,,,,,,,
General Shoppe,Daz,Korok Forest,General,425,2177,153,Rupees,ShopGeneral_Korok,Npc_kokiri003,Arrow x 5,20,3,Apple,12,1,Brightbloom Seed,8,6,Cane Sugar,12,3,Hylian Rice,12,3,Tabantha Wheat,12,2,,,,,,,,,,,,,,,,,,,,,,,,,,,,,,,,,,,,,,,,,,,,,,,,,,,,,,,,,,,,,,,,,,,,,,,,,,,,,,,,,,,,,,,,,,,,,,,,,,,,,,,,,,,,,,,,,,,,,,,,,,,,,,,,,,,,,,,,,,,,,,,,,,,,,,,,,,,,,,,,,,
Spore Store,Natie,Korok Forest,General,422,2168,153,Rupees,-,Npc_kokiri004,Rushroom,12,4,Stamella Shroom,20,4,Razorshroom,20,4,Ironshroom,20,4,Brightcap,16,4,,,,,,,,,,,,,,,,,,,,,,,,,,,,,,,,,,,,,,,,,,,,,,,,,,,,,,,,,,,,,,,,,,,,,,,,,,,,,,,,,,,,,,,,,,,,,,,,,,,,,,,,,,,,,,,,,,,,,,,,,,,,,,,,,,,,,,,,,,,,,,,,,,,,,,,,,,,,,,,,,,,,,
Zyle,Zyle,,,,,,Rupees,-,Npc_HorseBuyer,Arrow x 5,20,2,Hylian Tomato,16,5,Hateno Cheese,20,3,Spicy Pepper,12,5,Raw Meat,32,5,Raw Prime Meat,60,3,Staminoka Bass,72,5,Razorshroom,20,5,Oil Jar,12,5,,,,,,,,,,,,,,,,,,,,,,,,,,,,,,,,,,,,,,,,,,,,,,,,,,,,,,,,,,,,,,,,,,,,,,,,,,,,,,,,,,,,,,,,,,,,,,,,,,,,,,,,,,,,,,,,,,,,,,,,,,,,,,,,,,,,,,,,,,,,,,,,,,,,,,,,,
Nembis,Nembis,,,,,,Rupees,-,Npc_HorseBuyer_01,Hylian Rice,12,5,Fresh Milk,12,5,Hateno Cheese,20,3,Hyrule Bass,24,3,Hearty Salmon,80,3,Chuchu Jelly,8,5,Spicy Pepper,12,5,Fireproof Lizard,25,3,,,,,,,,,,,,,,,,,,,,,,,,,,,,,,,,,,,,,,,,,,,,,,,,,,,,,,,,,,,,,,,,,,,,,,,,,,,,,,,,,,,,,,,,,,,,,,,,,,,,,,,,,,,,,,,,,,,,,,,,,,,,,,,,,,,,,,,,,,,,,,,,,,,,,,,,,,,,
Nembis,Nembis,,,,,,Rupees,-,Npc_HorseBuyer_01_01,Hylian Rice,12,5,Fresh Milk,12,5,Hateno Cheese,20,3,Hyrule Bass,24,3,Hearty Salmon,80,3,Chuchu Jelly,8,5,Spicy Pepper,12,5,Fireproof Lizard,25,3,,,,,,,,,,,,,,,,,,,,,,,,,,,,,,,,,,,,,,,,,,,,,,,,,,,,,,,,,,,,,,,,,,,,,,,,,,,,,,,,,,,,,,,,,,,,,,,,,,,,,,,,,,,,,,,,,,,,,,,,,,,,,,,,,,,,,,,,,,,,,,,,,,,,,,,,,,,,
Cormus,Cormus,,,,,,Rupees,-,Npc_HorseBuyer_02,Arrow x 5,20,2,Hylian Tomato,16,5,Spicy Pepper,12,5,Hylian Rice,12,5,Raw Meat,32,5,Rock Salt,12,5,Oil Jar,12,5,,,,,,,,,,,,,,,,,,,,,,,,,,,,,,,,,,,,,,,,,,,,,,,,,,,,,,,,,,,,,,,,,,,,,,,,,,,,,,,,,,,,,,,,,,,,,,,,,,,,,,,,,,,,,,,,,,,,,,,,,,,,,,,,,,,,,,,,,,,,,,,,,,,,,,,,,,,,,,,
Parga,Parga,,,,,,Rupees,-,Npc_HorseBuyer_03,Fresh Milk,12,5,Goat Butter,12,5,Hateno Cheese,20,5,Bird Egg,12,3,Swift Carrot,16,5,Hylian Tomato,16,5,,,,,,,,,,,,,,,,,,,,,,,,,,,,,,,,,,,,,,,,,,,,,,,,,,,,,,,,,,,,,,,,,,,,,,,,,,,,,,,,,,,,,,,,,,,,,,,,,,,,,,,,,,,,,,,,,,,,,,,,,,,,,,,,,,,,,,,,,,,,,,,,,,,,,,,,,,,,,,,,,,
Doritt,Doritt,,,,,,Rupees,-,Npc_HorseBuyer_04,Hylian Shroom,12,5,Stamella Shroom,20,5,Silent Shroom,12,5,Rushroom,12,5,Brightcap,16,5,Ironshroom,20,5,,,,,,,,,,,,,,,,,,,,,,,,,,,,,,,,,,,,,,,,,,,,,,,,,,,,,,,,,,,,,,,,,,,,,,,,,,,,,,,,,,,,,,,,,,,,,,,,,,,,,,,,,,,,,,,,,,,,,,,,,,,,,,,,,,,,,,,,,,,,,,,,,,,,,,,,,,,,,,,,,,
Meghyn,Meghyn,,,,,,Rupees,-,Npc_Attacked_009_Road,Hylian Shroom,12,5,Rushroom,12,5,Razorshroom,20,5,Ironshroom,20,5,Brightcap,16,5,Chillshroom,16,5,Stamella Shroom,20,5,,,,,,,,,,,,,,,,,,,,,,,,,,,,,,,,,,,,,,,,,,,,,,,,,,,,,,,,,,,,,,,,,,,,,,,,,,,,,,,,,,,,,,,,,,,,,,,,,,,,,,,,,,,,,,,,,,,,,,,,,,,,,,,,,,,,,,,,,,,,,,,,,,,,,,,,,,,,,,,
Deenya,Deenya,,,,,,Rupees,-,Npc_RoadShop_01,Arrow x 5,20,5,Arrow x 10,35,5,Splash Fruit,10,5,Bird Egg,12,5,Restless Cricket,10,5,Stambulb,16,5,Sticky Frog,40,5,,,,,,,,,,,,,,,,,,,,,,,,,,,,,,,,,,,,,,,,,,,,,,,,,,,,,,,,,,,,,,,,,,,,,,,,,,,,,,,,,,,,,,,,,,,,,,,,,,,,,,,,,,,,,,,,,,,,,,,,,,,,,,,,,,,,,,,,,,,,,,,,,,,,,,,,,,,,,,,
Chumin,Chumin,,,,,,Rupees,-,Npc_Road_015_Road,Mighty Porgy,40,5,Armored Porgy,40,5,Razorclaw Crab,32,3,Ironshell Crab,32,3,Hateno Cheese,20,3,Brightbloom Seed,8,20,,,,,,,,,,,,,,,,,,,,,,,,,,,,,,,,,,,,,,,,,,,,,,,,,,,,,,,,,,,,,,,,,,,,,,,,,,,,,,,,,,,,,,,,,,,,,,,,,,,,,,,,,,,,,,,,,,,,,,,,,,,,,,,,,,,,,,,,,,,,,,,,,,,,,,,,,,,,,,,,,,
Chumin,Chumin,,,,,,Rupees,-,Npc_Road_015_Road_Hateno,Mighty Porgy,40,5,Armored Porgy,40,5,Razorclaw Crab,32,3,Ironshell Crab,32,3,Hateno Cheese,20,3,Brightbloom Seed,8,20,,,,,,,,,,,,,,,,,,,,,,,,,,,,,,,,,,,,,,,,,,,,,,,,,,,,,,,,,,,,,,,,,,,,,,,,,,,,,,,,,,,,,,,,,,,,,,,,,,,,,,,,,,,,,,,,,,,,,,,,,,,,,,,,,,,,,,,,,,,,,,,,,,,,,,,,,,,,,,,,,,
Maypin,Maypin,,,,,,Rupees,-,Npc_Road_031,Arrow x 5,20,3,Arrow x 10,35,3,Apple,12,5,Golden Apple,32,5,Swift Carrot,16,5,Goron Spice,16,5,Fortified Pumpkin,20,5,,,,,,,,,,,,,,,,,,,,,,,,,,,,,,,,,,,,,,,,,,,,,,,,,,,,,,,,,,,,,,,,,,,,,,,,,,,,,,,,,,,,,,,,,,,,,,,,,,,,,,,,,,,,,,,,,,,,,,,,,,,,,,,,,,,,,,,,,,,,,,,,,,,,,,,,,,,,,,,
Basel,Basel,,,,,,Rupees,-,Npc_Road_046,Arrow x 5,20,2,Hylian Tomato,16,5,Hylian Rice,12,5,Restless Cricket,10,3,Raw Meat,32,5,,,,,,,,,,,,,,,,,,,,,,,,,,,,,,,,,,,,,,,,,,,,,,,,,,,,,,,,,,,,,,,,,,,,,,,,,,,,,,,,,,,,,,,,,,,,,,,,,,,,,,,,,,,,,,,,,,,,,,,,,,,,,,,,,,,,,,,,,,,,,,,,,,,,,,,,,,,,,,,,,,,,,
Eryck,Eryck,,,,,,Rupees,-,Npc_Lanayru004,Sunset Firefly,10,5,Hylian Tomato,16,5,Hateno Cheese,20,3,Mighty Bananas,20,5,Sticky Frog,40,3,Tireless Frog,100,2,Energetic Rhino Beetle,150,1,,,,,,,,,,,,,,,,,,,,,,,,,,,,,,,,,,,,,,,,,,,,,,,,,,,,,,,,,,,,,,,,,,,,,,,,,,,,,,,,,,,,,,,,,,,,,,,,,,,,,,,,,,,,,,,,,,,,,,,,,,,,,,,,,,,,,,,,,,,,,,,,,,,,,,,,,,,,,,,
Beedle,Beedle,New Serenne Stable,,,,,Rupees,-,Npc_TripMaster_00,Arrow,6,20,Arrow x 5,30,1,Fire Fruit,12,4,Warm Darner,10,4,Sunset Firefly,10,4,Tireless Frog,100,2,,,,,,,,,,,,,,,,,,,,,,,,,,,,,,,,,,,,,,,,,,,,,,,,,,,,,,,,,,,,,,,,,,,,,,,,,,,,,,,,,,,,,,,,,,,,,,,,,,,,,,,,,,,,,,,,,,,,,,,,,,,,,,,,,,,,,,,,,,,,,,,,,,,,,,,,,,,,,,,,,,
Beedle,Beedle,New Serenne Stable,,,,,Rupees,-,Npc_TripMaster_00,Small Wheel,0,10,Arrow,6,20,Arrow x 5,30,1,Warm Darner,10,4,Sunset Firefly,10,4,Tireless Frog,100,2,,,,,,,,,,,,,,,,,,,,,,,,,,,,,,,,,,,,,,,,,,,,,,,,,,,,,,,,,,,,,,,,,,,,,,,,,,,,,,,,,,,,,,,,,,,,,,,,,,,,,,,,,,,,,,,,,,,,,,,,,,,,,,,,,,,,,,,,,,,,,,,,,,,,,,,,,,,,,,,,,,
Beedle,Beedle,Wetland Stable,,,,,Rupees,-,Npc_TripMaster_01,Arrow,6,20,Arrow x 5,30,1,Splash Fruit,10,4,Hot-Footed Frog,10,3,Smotherwing Butterfly,10,3,Tireless Frog,100,2,,,,,,,,,,,,,,,,,,,,,,,,,,,,,,,,,,,,,,,,,,,,,,,,,,,,,,,,,,,,,,,,,,,,,,,,,,,,,,,,,,,,,,,,,,,,,,,,,,,,,,,,,,,,,,,,,,,,,,,,,,,,,,,,,,,,,,,,,,,,,,,,,,,,,,,,,,,,,,,,,,
Beedle,Beedle,Wetland Stable,,,,,Rupees,-,Npc_TripMaster_01,Small Wheel,0,10,Arrow,6,20,Arrow x 5,30,1,Warm Darner,10,4,Sunset Firefly,10,4,Tireless Frog,100,2,,,,,,,,,,,,,,,,,,,,,,,,,,,,,,,,,,,,,,,,,,,,,,,,,,,,,,,,,,,,,,,,,,,,,,,,,,,,,,,,,,,,,,,,,,,,,,,,,,,,,,,,,,,,,,,,,,,,,,,,,,,,,,,,,,,,,,,,,,,,,,,,,,,,,,,,,,,,,,,,,,
Beedle,Beedle,Riverside Stable,,,,,Rupees,-,Npc_TripMaster_02,Arrow,6,20,Arrow x 5,30,2,Hylian Rice,12,5,Thunderwing Butterfly,10,3,Electric Darner,10,3,Tireless Frog,100,2,,,,,,,,,,,,,,,,,,,,,,,,,,,,,,,,,,,,,,,,,,,,,,,,,,,,,,,,,,,,,,,,,,,,,,,,,,,,,,,,,,,,,,,,,,,,,,,,,,,,,,,,,,,,,,,,,,,,,,,,,,,,,,,,,,,,,,,,,,,,,,,,,,,,,,,,,,,,,,,,,,
Beedle,Beedle,Riverside Stable,,,,,Rupees,-,Npc_TripMaster_02,Small Wheel,0,10,Arrow,6,20,Arrow x 5,30,1,Warm Darner,10,4,Sunset Firefly,10,4,Tireless Frog,100,2,,,,,,,,,,,,,,,,,,,,,,,,,,,,,,,,,,,,,,,,,,,,,,,,,,,,,,,,,,,,,,,,,,,,,,,,,,,,,,,,,,,,,,,,,,,,,,,,,,,,,,,,,,,,,,,,,,,,,,,,,,,,,,,,,,,,,,,,,,,,,,,,,,,,,,,,,,,,,,,,,,
Beedle,Beedle,Outskirt Stable,,,,,Rupees,-,Npc_TripMaster_03,Arrow,6,20,Arrow x 5,30,2,Hylian Tomato,16,5,Hot-Footed Frog,10,3,Restless Cricket,10,5,Hearty Lizard,100,3,,,,,,,,,,,,,,,,,,,,,,,,,,,,,,,,,,,,,,,,,,,,,,,,,,,,,,,,,,,,,,,,,,,,,,,,,,,,,,,,,,,,,,,,,,,,,,,,,,,,,,,,,,,,,,,,,,,,,,,,,,,,,,,,,,,,,,,,,,,,,,,,,,,,,,,,,,,,,,,,,,
Beedle,Beedle,Outskirt Stable,,,,,Rupees,-,Npc_TripMaster_03,Small Wheel,0,10,Arrow,6,20,Arrow x 5,30,1,Warm Darner,10,4,Sunset Firefly,10,4,Tireless Frog,100,2,,,,,,,,,,,,,,,,,,,,,,,,,,,,,,,,,,,,,,,,,,,,,,,,,,,,,,,,,,,,,,,,,,,,,,,,,,,,,,,,,,,,,,,,,,,,,,,,,,,,,,,,,,,,,,,,,,,,,,,,,,,,,,,,,,,,,,,,,,,,,,,,,,,,,,,,,,,,,,,,,,
Beedle,Beedle,Woodland Stable,,,,,Rupees,-,Npc_TripMaster_04,Arrow,6,20,Arrow x 5,30,2,Brightbloom Seed,8,10,Cold Darner,10,3,Fireproof Lizard,25,3,Hearty Lizard,100,1,,,,,,,,,,,,,,,,,,,,,,,,,,,,,,,,,,,,,,,,,,,,,,,,,,,,,,,,,,,,,,,,,,,,,,,,,,,,,,,,,,,,,,,,,,,,,,,,,,,,,,,,,,,,,,,,,,,,,,,,,,,,,,,,,,,,,,,,,,,,,,,,,,,,,,,,,,,,,,,,,,
Beedle,Beedle,Woodland Stable,,,,,Rupees,-,Npc_TripMaster_04,Small Wheel,0,10,Arrow,6,20,Arrow x 5,30,1,Warm Darner,10,4,Sunset Firefly,10,4,Tireless Frog,100,2,,,,,,,,,,,,,,,,,,,,,,,,,,,,,,,,,,,,,,,,,,,,,,,,,,,,,,,,,,,,,,,,,,,,,,,,,,,,,,,,,,,,,,,,,,,,,,,,,,,,,,,,,,,,,,,,,,,,,,,,,,,,,,,,,,,,,,,,,,,,,,,,,,,,,,,,,,,,,,,,,,
Beedle,Beedle,Foothill Stable,,,,,Rupees,-,Npc_TripMaster_05,Arrow,6,20,Arrow x 5,30,1,Splash Fruit,10,4,Tireless Frog,100,5,Hearty Lizard,100,5,Thunderwing Butterfly,10,3,,,,,,,,,,,,,,,,,,,,,,,,,,,,,,,,,,,,,,,,,,,,,,,,,,,,,,,,,,,,,,,,,,,,,,,,,,,,,,,,,,,,,,,,,,,,,,,,,,,,,,,,,,,,,,,,,,,,,,,,,,,,,,,,,,,,,,,,,,,,,,,,,,,,,,,,,,,,,,,,,,
Beedle,Beedle,Foothill Stable,,,,,Rupees,-,Npc_TripMaster_05,Small Wheel,0,10,Arrow,6,20,Arrow x 5,30,1,Warm Darner,10,4,Sunset Firefly,10,4,Tireless Frog,100,2,,,,,,,,,,,,,,,,,,,,,,,,,,,,,,,,,,,,,,,,,,,,,,,,,,,,,,,,,,,,,,,,,,,,,,,,,,,,,,,,,,,,,,,,,,,,,,,,,,,,,,,,,,,,,,,,,,,,,,,,,,,,,,,,,,,,,,,,,,,,,,,,,,,,,,,,,,,,,,,,,,
Beedle,Beedle,Dueling Peaks Stable,,,,,Rupees,-,Npc_TripMaster_07,Arrow,6,20,Arrow x 5,30,2,Brightbloom Seed,8,10,Restless Cricket,10,5,Hot-Footed Frog,10,3,Octo Balloon,20,3,,,,,,,,,,,,,,,,,,,,,,,,,,,,,,,,,,,,,,,,,,,,,,,,,,,,,,,,,,,,,,,,,,,,,,,,,,,,,,,,,,,,,,,,,,,,,,,,,,,,,,,,,,,,,,,,,,,,,,,,,,,,,,,,,,,,,,,,,,,,,,,,,,,,,,,,,,,,,,,,,,
Beedle,Beedle,Dueling Peaks Stable,,,,,Rupees,-,Npc_TripMaster_07,Small Wheel,0,10,Arrow,6,20,Arrow x 5,30,1,Warm Darner,10,4,Sunset Firefly,10,4,Tireless Frog,100,2,,,,,,,,,,,,,,,,,,,,,,,,,,,,,,,,,,,,,,,,,,,,,,,,,,,,,,,,,,,,,,,,,,,,,,,,,,,,,,,,,,,,,,,,,,,,,,,,,,,,,,,,,,,,,,,,,,,,,,,,,,,,,,,,,,,,,,,,,,,,,,,,,,,,,,,,,,,,,,,,,,
Beedle,Beedle,Tabantha Bridge Stable,,,,,Rupees,-,Npc_TripMaster_08,Arrow,6,20,Arrow x 5,30,1,Fire Fruit,12,4,Summerwing Butterfly,10,3,Winterwing Butterfly,10,3,Thunderwing Butterfly,10,3,,,,,,,,,,,,,,,,,,,,,,,,,,,,,,,,,,,,,,,,,,,,,,,,,,,,,,,,,,,,,,,,,,,,,,,,,,,,,,,,,,,,,,,,,,,,,,,,,,,,,,,,,,,,,,,,,,,,,,,,,,,,,,,,,,,,,,,,,,,,,,,,,,,,,,,,,,,,,,,,,,
Beedle,Beedle,Tabantha Bridge Stable,,,,,Rupees,-,Npc_TripMaster_08,Small Wheel,0,10,Arrow,6,20,Arrow x 5,30,1,Warm Darner,10,4,Sunset Firefly,10,4,Tireless Frog,100,2,,,,,,,,,,,,,,,,,,,,,,,,,,,,,,,,,,,,,,,,,,,,,,,,,,,,,,,,,,,,,,,,,,,,,,,,,,,,,,,,,,,,,,,,,,,,,,,,,,,,,,,,,,,,,,,,,,,,,,,,,,,,,,,,,,,,,,,,,,,,,,,,,,,,,,,,,,,,,,,,,,
Beedle,Beedle,Highland Stable,,,,,Rupees,-,Npc_TripMaster_09,Arrow,6,20,Arrow x 5,30,1,Ice Fruit,12,4,Sunset Firefly,10,3,Hearty Lizard,100,1,Octo Balloon,20,5,,,,,,,,,,,,,,,,,,,,,,,,,,,,,,,,,,,,,,,,,,,,,,,,,,,,,,,,,,,,,,,,,,,,,,,,,,,,,,,,,,,,,,,,,,,,,,,,,,,,,,,,,,,,,,,,,,,,,,,,,,,,,,,,,,,,,,,,,,,,,,,,,,,,,,,,,,,,,,,,,,
Beedle,Beedle,Highland Stable,,,,,Rupees,-,Npc_TripMaster_09,Small Wheel,0,10,Arrow,6,20,Arrow x 5,30,1,Warm Darner,10,4,Sunset Firefly,10,4,Tireless Frog,100,2,,,,,,,,,,,,,,,,,,,,,,,,,,,,,,,,,,,,,,,,,,,,,,,,,,,,,,,,,,,,,,,,,,,,,,,,,,,,,,,,,,,,,,,,,,,,,,,,,,,,,,,,,,,,,,,,,,,,,,,,,,,,,,,,,,,,,,,,,,,,,,,,,,,,,,,,,,,,,,,,,,
Beedle,Beedle,Lakeside Stable,,,,,Rupees,-,Npc_TripMaster_10,Arrow,6,20,Arrow x 5,30,2,Shock Fruit,12,4,Sticky Frog,40,2,Thunderwing Butterfly,10,3,Hightail Lizard,10,2,,,,,,,,,,,,,,,,,,,,,,,,,,,,,,,,,,,,,,,,,,,,,,,,,,,,,,,,,,,,,,,,,,,,,,,,,,,,,,,,,,,,,,,,,,,,,,,,,,,,,,,,,,,,,,,,,,,,,,,,,,,,,,,,,,,,,,,,,,,,,,,,,,,,,,,,,,,,,,,,,,
Beedle,Beedle,Lakeside Stable,,,,,Rupees,-,Npc_TripMaster_10,Small Wheel,0,10,Arrow,6,20,Arrow x 5,30,1,Warm Darner,10,4,Sunset Firefly,10,4,Tireless Frog,100,2,,,,,,,,,,,,,,,,,,,,,,,,,,,,,,,,,,,,,,,,,,,,,,,,,,,,,,,,,,,,,,,,,,,,,,,,,,,,,,,,,,,,,,,,,,,,,,,,,,,,,,,,,,,,,,,,,,,,,,,,,,,,,,,,,,,,,,,,,,,,,,,,,,,,,,,,,,,,,,,,,,
Beedle,Beedle,Snowfield Stable,,,,,Rupees,-,Npc_TripMaster_11,Arrow,6,20,Arrow x 5,30,1,Ice Fruit,12,4,Summerwing Butterfly,10,3,Warm Darner,10,3,Tireless Frog,100,2,,,,,,,,,,,,,,,,,,,,,,,,,,,,,,,,,,,,,,,,,,,,,,,,,,,,,,,,,,,,,,,,,,,,,,,,,,,,,,,,,,,,,,,,,,,,,,,,,,,,,,,,,,,,,,,,,,,,,,,,,,,,,,,,,,,,,,,,,,,,,,,,,,,,,,,,,,,,,,,,,,
Beedle,Beedle,Snowfield Stable,,,,,Rupees,-,Npc_TripMaster_11,Small Wheel,0,10,Arrow,6,20,Arrow x 5,30,1,Warm Darner,10,4,Sunset Firefly,10,4,Tireless Frog,100,2,,,,,,,,,,,,,,,,,,,,,,,,,,,,,,,,,,,,,,,,,,,,,,,,,,,,,,,,,,,,,,,,,,,,,,,,,,,,,,,,,,,,,,,,,,,,,,,,,,,,,,,,,,,,,,,,,,,,,,,,,,,,,,,,,,,,,,,,,,,,,,,,,,,,,,,,,,,,,,,,,,
Beedle,Beedle,South Akkala Stable,,,,,Rupees,-,Npc_TripMaster_12,Arrow,6,20,Arrow x 5,30,2,Brightbloom Seed,8,10,Sticky Lizard,32,2,Hightail Lizard,10,3,Fireproof Lizard,25,2,,,,,,,,,,,,,,,,,,,,,,,,,,,,,,,,,,,,,,,,,,,,,,,,,,,,,,,,,,,,,,,,,,,,,,,,,,,,,,,,,,,,,,,,,,,,,,,,,,,,,,,,,,,,,,,,,,,,,,,,,,,,,,,,,,,,,,,,,,,,,,,,,,,,,,,,,,,,,,,,,,
Beedle,Beedle,South Akkala Stable,,,,,Rupees,-,Npc_TripMaster_12,Small Wheel,0,10,Arrow,6,20,Arrow x 5,30,1,Warm Darner,10,4,Sunset Firefly,10,4,Tireless Frog,100,2,,,,,,,,,,,,,,,,,,,,,,,,,,,,,,,,,,,,,,,,,,,,,,,,,,,,,,,,,,,,,,,,,,,,,,,,,,,,,,,,,,,,,,,,,,,,,,,,,,,,,,,,,,,,,,,,,,,,,,,,,,,,,,,,,,,,,,,,,,,,,,,,,,,,,,,,,,,,,,,,,,
Beedle,Beedle,East Akkala Stable,,,,,Rupees,-,Npc_TripMaster_13,Arrow,6,20,Arrow x 5,30,1,Brightbloom Seed,8,10,Sticky Frog,40,3,Swift Carrot,16,4,Smotherwing Butterfly,10,3,,,,,,,,,,,,,,,,,,,,,,,,,,,,,,,,,,,,,,,,,,,,,,,,,,,,,,,,,,,,,,,,,,,,,,,,,,,,,,,,,,,,,,,,,,,,,,,,,,,,,,,,,,,,,,,,,,,,,,,,,,,,,,,,,,,,,,,,,,,,,,,,,,,,,,,,,,,,,,,,,,
Beedle,Beedle,East Akkala Stable,,,,,Rupees,-,Npc_TripMaster_13,Small Wheel,0,10,Arrow,6,20,Arrow x 5,30,1,Warm Darner,10,4,Sunset Firefly,10,4,Tireless Frog,100,2,,,,,,,,,,,,,,,,,,,,,,,,,,,,,,,,,,,,,,,,,,,,,,,,,,,,,,,,,,,,,,,,,,,,,,,,,,,,,,,,,,,,,,,,,,,,,,,,,,,,,,,,,,,,,,,,,,,,,,,,,,,,,,,,,,,,,,,,,,,,,,,,,,,,,,,,,,,,,,,,,,
Beedle,Beedle,Kara Kara Bazaar,,,,,Rupees,-,Npc_TripMaster_14,Arrow,6,20,Arrow x 5,30,1,Shock Fruit,12,4,Summerwing Butterfly,10,5,Cold Darner,10,5,Tireless Frog,100,2,,,,,,,,,,,,,,,,,,,,,,,,,,,,,,,,,,,,,,,,,,,,,,,,,,,,,,,,,,,,,,,,,,,,,,,,,,,,,,,,,,,,,,,,,,,,,,,,,,,,,,,,,,,,,,,,,,,,,,,,,,,,,,,,,,,,,,,,,,,,,,,,,,,,,,,,,,,,,,,,,,
Beedle,Beedle,Kara Kara Bazaar,,,,,Rupees,-,Npc_TripMaster_14,Small Wheel,0,10,Arrow,6,20,Arrow x 5,30,1,Warm Darner,10,4,Sunset Firefly,10,4,Tireless Frog,100,2,,,,,,,,,,,,,,,,,,,,,,,,,,,,,,,,,,,,,,,,,,,,,,,,,,,,,,,,,,,,,,,,,,,,,,,,,,,,,,,,,,,,,,,,,,,,,,,,,,,,,,,,,,,,,,,,,,,,,,,,,,,,,,,,,,,,,,,,,,,,,,,,,,,,,,,,,,,,,,,,,,
Steward Construct,Steward Construct,Lookout Landing,,,,,Crystallized Charges,BatteryExchangeShop_01,Npc_Zonau_Golem_Servant_BaseCamp_01,Fan,3,10,Wing,3,10,Cart,3,10,Balloon,3,10,Rocket,3,10,Time Bomb,3,10,Portable Pot,3,10,Flame Emitter,3,10,Frost Emitter,3,10,Shock Emitter,3,10,Beam Emitter,3,10,Hydrant,3,10,Steering Stick,3,10,Big Wheel,3,10,Small Wheel,3,10,Sled,3,10,Battery,3,10,Spring,3,10,Cannon,3,10,Stabilizer,3,10,Hover Stone,3,10,Light,3,10,Stake,3,10,Mirror,3,10,Homing Cart,3,10,Construct Head,3,10,Big Battery,30,10,,,,,,,,,,,,,,,,,,,,,,,,,,,,,,,,,,,,,,,,,,,,,,,,,,,,,,,,,,,,,,,,,,,,,,,,,,,,,,,,,,,,,,,,,,,,,,,,,,,
Steward Construct,Steward Construct,Great Sky Island,,,,,Crystallized Charges,BatteryExchangeShop_00,Npc_Zonau_Golem_Servant_FirstIsland_22,Fan,3,10,Wing,3,10,Cart,3,10,Balloon,3,10,Rocket,3,10,Time Bomb,3,10,Portable Pot,3,10,Flame Emitter,3,10,Frost Emitter,3,10,Shock Emitter,3,10,Beam Emitter,3,10,Hydrant,3,10,Steering Stick,3,10,Big Wheel,3,10,Small Wheel,3,10,Sled,3,10,Battery,3,10,Spring,3,10,Cannon,3,10,Stabilizer,3,10,Hover Stone,3,10,Light,3,10,Stake,3,10,Mirror,3,10,Homing Cart,3,10,Construct Head,3,10,Big Battery,30,10,,,,,,,,,,,,,,,,,,,,,,,,,,,,,,,,,,,,,,,,,,,,,,,,,,,,,,,,,,,,,,,,,,,,,,,,,,,,,,,,,,,,,,,,,,,,,,,,,,,
Forge Construct,Forge Construct,Great Sky Island,,,,,Zonaite,SmeltShopGolem_00,Npc_Zonau_Golem_Servant_FirstIsland_21,Zonai Charge,2,99,Large Zonai Charge,1,99,Crystallized Charge,3,99,Large Crystallized Charge,3,99,,,,,,,,,,,,,,,,,,,,,,,,,,,,,,,,,,,,,,,,,,,,,,,,,,,,,,,,,,,,,,,,,,,,,,,,,,,,,,,,,,,,,,,,,,,,,,,,,,,,,,,,,,,,,,,,,,,,,,,,,,,,,,,,,,,,,,,,,,,,,,,,,,,,,,,,,,,,,,,,,,,,,,,,
Forge Construct,Forge Construct,Great Abandoned Central Mine,,,,,Zonaite,SmeltShopGolem_10,Npc_Zonau_Golem_Servant_Minus0026,Zonai Charge,2,99,Large Zonai Charge,1,99,Crystallized Charge,3,99,Large Crystallized Charge,3,99,,,,,,,,,,,,,,,,,,,,,,,,,,,,,,,,,,,,,,,,,,,,,,,,,,,,,,,,,,,,,,,,,,,,,,,,,,,,,,,,,,,,,,,,,,,,,,,,,,,,,,,,,,,,,,,,,,,,,,,,,,,,,,,,,,,,,,,,,,,,,,,,,,,,,,,,,,,,,,,,,,,,,,,,
Steward Construct,Steward Construct,Abandoned Gerudo Mine,,,,,Zonaite,-,Npc_Zonau_Golem_Servant_Minus0002,Zonai Charge,2,99,Large Zonai Charge,1,99,Crystallized Charge,3,99,Large Crystallized Charge,3,99,,,,,,,,,,,,,,,,,,,,,,,,,,,,,,,,,,,,,,,,,,,,,,,,,,,,,,,,,,,,,,,,,,,,,,,,,,,,,,,,,,,,,,,,,,,,,,,,,,,,,,,,,,,,,,,,,,,,,,,,,,,,,,,,,,,,,,,,,,,,,,,,,,,,,,,,,,,,,,,,,,,,,,,,
Forge Construct,Forge Construct,Abandoned Gerudo Mine,,,,,Zonaite,SmeltShopGolem_01,Npc_Zonau_Golem_Servant_Minus0012,Zonai Charge,2,99,Large Zonai Charge,1,99,Crystallized Charge,3,99,Large Crystallized Charge,3,99,,,,,,,,,,,,,,,,,,,,,,,,,,,,,,,,,,,,,,,,,,,,,,,,,,,,,,,,,,,,,,,,,,,,,,,,,,,,,,,,,,,,,,,,,,,,,,,,,,,,,,,,,,,,,,,,,,,,,,,,,,,,,,,,,,,,,,,,,,,,,,,,,,,,,,,,,,,,,,,,,,,,,,,,
Steward Construct,Steward Construct,Abandoned Gerudo Mine,,,,,Zonaite,-,Npc_Zonau_Golem_Servant_Minus0022,Zonai Charge,2,99,Large Zonai Charge,1,99,Crystallized Charge,3,99,Large Crystallized Charge,3,99,,,,,,,,,,,,,,,,,,,,,,,,,,,,,,,,,,,,,,,,,,,,,,,,,,,,,,,,,,,,,,,,,,,,,,,,,,,,,,,,,,,,,,,,,,,,,,,,,,,,,,,,,,,,,,,,,,,,,,,,,,,,,,,,,,,,,,,,,,,,,,,,,,,,,,,,,,,,,,,,,,,,,,,,
Steward Construct,Steward Construct,Abandoned Kara Kara Mine,,,,,Zonaite,-,Npc_Zonau_Golem_Servant_Minus0003,Zonai Charge,2,99,Large Zonai Charge,1,99,Crystallized Charge,3,99,Large Crystallized Charge,3,99,,,,,,,,,,,,,,,,,,,,,,,,,,,,,,,,,,,,,,,,,,,,,,,,,,,,,,,,,,,,,,,,,,,,,,,,,,,,,,,,,,,,,,,,,,,,,,,,,,,,,,,,,,,,,,,,,,,,,,,,,,,,,,,,,,,,,,,,,,,,,,,,,,,,,,,,,,,,,,,,,,,,,,,,
Forge Construct,Forge Construct,Abandoned Kara Kara Mine,,,,,Zonaite,SmeltShopGolem_02,Npc_Zonau_Golem_Servant_Minus0013,Zonai Charge,2,99,Large Zonai Charge,1,99,Crystallized Charge,3,99,Large Crystallized Charge,3,99,,,,,,,,,,,,,,,,,,,,,,,,,,,,,,,,,,,,,,,,,,,,,,,,,,,,,,,,,,,,,,,,,,,,,,,,,,,,,,,,,,,,,,,,,,,,,,,,,,,,,,,,,,,,,,,,,,,,,,,,,,,,,,,,,,,,,,,,,,,,,,,,,,,,,,,,,,,,,,,,,,,,,,,,
Steward Construct,Steward Construct,Abandoned Lanayru Mine,,,,,Zonaite,-,Npc_Zonau_Golem_Servant_Minus0004,Zonai Charge,2,99,Large Zonai Charge,1,99,Crystallized Charge,3,99,Large Crystallized Charge,3,99,,,,,,,,,,,,,,,,,,,,,,,,,,,,,,,,,,,,,,,,,,,,,,,,,,,,,,,,,,,,,,,,,,,,,,,,,,,,,,,,,,,,,,,,,,,,,,,,,,,,,,,,,,,,,,,,,,,,,,,,,,,,,,,,,,,,,,,,,,,,,,,,,,,,,,,,,,,,,,,,,,,,,,,,
Forge Construct,Forge Construct,Abandoned Lanayru Mine,,,,,Zonaite,SmeltShopGolem_03,Npc_Zonau_Golem_Servant_Minus0014,Zonai Charge,2,99,Large Zonai Charge,1,99,Crystallized Charge,3,99,Large Crystallized Charge,3,99,,,,,,,,,,,,,,,,,,,,,,,,,,,,,,,,,,,,,,,,,,,,,,,,,,,,,,,,,,,,,,,,,,,,,,,,,,,,,,,,,,,,,,,,,,,,,,,,,,,,,,,,,,,,,,,,,,,,,,,,,,,,,,,,,,,,,,,,,,,,,,,,,,,,,,,,,,,,,,,,,,,,,,,,
Steward Construct,Steward Construct,Abandoned Lanayru Mine,,,,,Zonaite,-,Npc_Zonau_Golem_Servant_Minus0024,Zonai Charge,2,99,Large Zonai Charge,1,99,Crystallized Charge,3,99,Large Crystallized Charge,3,99,,,,,,,,,,,,,,,,,,,,,,,,,,,,,,,,,,,,,,,,,,,,,,,,,,,,,,,,,,,,,,,,,,,,,,,,,,,,,,,,,,,,,,,,,,,,,,,,,,,,,,,,,,,,,,,,,,,,,,,,,,,,,,,,,,,,,,,,,,,,,,,,,,,,,,,,,,,,,,,,,,,,,,,,
Steward Construct,Steward Construct,Abandoned Hebra Mine,,,,,Zonaite,-,Npc_Zonau_Golem_Servant_Minus0005,Zonai Charge,2,99,Large Zonai Charge,1,99,Crystallized Charge,3,99,Large Crystallized Charge,3,99,,,,,,,,,,,,,,,,,,,,,,,,,,,,,,,,,,,,,,,,,,,,,,,,,,,,,,,,,,,,,,,,,,,,,,,,,,,,,,,,,,,,,,,,,,,,,,,,,,,,,,,,,,,,,,,,,,,,,,,,,,,,,,,,,,,,,,,,,,,,,,,,,,,,,,,,,,,,,,,,,,,,,,,,
Forge Construct,Forge Construct,Abandoned Hebra Mine,,,,,Zonaite,SmeltShopGolem_04,Npc_Zonau_Golem_Servant_Minus0015,Zonai Charge,2,99,Large Zonai Charge,1,99,Crystallized Charge,3,99,Large Crystallized Charge,3,99,,,,,,,,,,,,,,,,,,,,,,,,,,,,,,,,,,,,,,,,,,,,,,,,,,,,,,,,,,,,,,,,,,,,,,,,,,,,,,,,,,,,,,,,,,,,,,,,,,,,,,,,,,,,,,,,,,,,,,,,,,,,,,,,,,,,,,,,,,,,,,,,,,,,,,,,,,,,,,,,,,,,,,,,
Steward Construct,Steward Construct,Abandoned Hebra Mine,,,,,Zonaite,-,Npc_Zonau_Golem_Servant_Minus0025,Zonai Charge,2,99,Large Zonai Charge,1,99,Crystallized Charge,3,99,Large Crystallized Charge,3,99,,,,,,,,,,,,,,,,,,,,,,,,,,,,,,,,,,,,,,,,,,,,,,,,,,,,,,,,,,,,,,,,,,,,,,,,,,,,,,,,,,,,,,,,,,,,,,,,,,,,,,,,,,,,,,,,,,,,,,,,,,,,,,,,,,,,,,,,,,,,,,,,,,,,,,,,,,,,,,,,,,,,,,,,
Steward Construct,Steward Construct,Abandoned Eldin Mine,,,,,Zonaite,-,Npc_Zonau_Golem_Servant_Minus0006,Zonai Charge,2,99,Large Zonai Charge,1,99,Crystallized Charge,3,99,Large Crystallized Charge,3,99,,,,,,,,,,,,,,,,,,,,,,,,,,,,,,,,,,,,,,,,,,,,,,,,,,,,,,,,,,,,,,,,,,,,,,,,,,,,,,,,,,,,,,,,,,,,,,,,,,,,,,,,,,,,,,,,,,,,,,,,,,,,,,,,,,,,,,,,,,,,,,,,,,,,,,,,,,,,,,,,,,,,,,,,
Forge Construct,Forge Construct,Abandoned Eldin Mine,,,,,Zonaite,SmeltShopGolem_05,Npc_Zonau_Golem_Servant_Minus0016,Zonai Charge,2,99,Large Zonai Charge,1,99,Crystallized Charge,3,99,Large Crystallized Charge,3,99,,,,,,,,,,,,,,,,,,,,,,,,,,,,,,,,,,,,,,,,,,,,,,,,,,,,,,,,,,,,,,,,,,,,,,,,,,,,,,,,,,,,,,,,,,,,,,,,,,,,,,,,,,,,,,,,,,,,,,,,,,,,,,,,,,,,,,,,,,,,,,,,,,,,,,,,,,,,,,,,,,,,,,,,
Steward Construct,Steward Construct,Abandoned Tarrey Mine,,,,,Zonaite,-,Npc_Zonau_Golem_Servant_Minus0007,Zonai Charge,2,99,Large Zonai Charge,1,99,Crystallized Charge,3,99,Large Crystallized Charge,3,99,,,,,,,,,,,,,,,,,,,,,,,,,,,,,,,,,,,,,,,,,,,,,,,,,,,,,,,,,,,,,,,,,,,,,,,,,,,,,,,,,,,,,,,,,,,,,,,,,,,,,,,,,,,,,,,,,,,,,,,,,,,,,,,,,,,,,,,,,,,,,,,,,,,,,,,,,,,,,,,,,,,,,,,,
Forge Construct,Forge Construct,Abandoned Tarrey Mine,,,,,Zonaite,SmeltShopGolem_06,Npc_Zonau_Golem_Servant_Minus0017,Zonai Charge,2,99,Large Zonai Charge,1,99,Crystallized Charge,3,99,Large Crystallized Charge,3,99,,,,,,,,,,,,,,,,,,,,,,,,,,,,,,,,,,,,,,,,,,,,,,,,,,,,,,,,,,,,,,,,,,,,,,,,,,,,,,,,,,,,,,,,,,,,,,,,,,,,,,,,,,,,,,,,,,,,,,,,,,,,,,,,,,,,,,,,,,,,,,,,,,,,,,,,,,,,,,,,,,,,,,,,
Steward Construct,Steward Construct,Abandoned Kakariko Mine,,,,,Zonaite,-,Npc_Zonau_Golem_Servant_Minus0008,Zonai Charge,2,99,Large Zonai Charge,1,99,Crystallized Charge,3,99,Large Crystallized Charge,3,99,,,,,,,,,,,,,,,,,,,,,,,,,,,,,,,,,,,,,,,,,,,,,,,,,,,,,,,,,,,,,,,,,,,,,,,,,,,,,,,,,,,,,,,,,,,,,,,,,,,,,,,,,,,,,,,,,,,,,,,,,,,,,,,,,,,,,,,,,,,,,,,,,,,,,,,,,,,,,,,,,,,,,,,,
Forge Construct,Forge Construct,Abandoned Kakariko Mine,,,,,Zonaite,SmeltShopGolem_07,Npc_Zonau_Golem_Servant_Minus0018,Zonai Charge,2,99,Large Zonai Charge,1,99,Crystallized Charge,3,99,Large Crystallized Charge,3,99,,,,,,,,,,,,,,,,,,,,,,,,,,,,,,,,,,,,,,,,,,,,,,,,,,,,,,,,,,,,,,,,,,,,,,,,,,,,,,,,,,,,,,,,,,,,,,,,,,,,,,,,,,,,,,,,,,,,,,,,,,,,,,,,,,,,,,,,,,,,,,,,,,,,,,,,,,,,,,,,,,,,,,,,
Steward Construct,Steward Construct,Abandoned Hateno Mine,,,,,Zonaite,-,Npc_Zonau_Golem_Servant_Minus0009,Zonai Charge,2,99,Large Zonai Charge,1,99,Crystallized Charge,3,99,Large Crystallized Charge,3,99,,,,,,,,,,,,,,,,,,,,,,,,,,,,,,,,,,,,,,,,,,,,,,,,,,,,,,,,,,,,,,,,,,,,,,,,,,,,,,,,,,,,,,,,,,,,,,,,,,,,,,,,,,,,,,,,,,,,,,,,,,,,,,,,,,,,,,,,,,,,,,,,,,,,,,,,,,,,,,,,,,,,,,,,
Forge Construct,Forge Construct,Abandoned Hateno Mine,,,,,Zonaite,SmeltShopGolem_08,Npc_Zonau_Golem_Servant_Minus0019,Zonai Charge,2,99,Large Zonai Charge,1,99,Crystallized Charge,3,99,Large Crystallized Charge,3,99,,,,,,,,,,,,,,,,,,,,,,,,,,,,,,,,,,,,,,,,,,,,,,,,,,,,,,,,,,,,,,,,,,,,,,,,,,,,,,,,,,,,,,,,,,,,,,,,,,,,,,,,,,,,,,,,,,,,,,,,,,,,,,,,,,,,,,,,,,,,,,,,,,,,,,,,,,,,,,,,,,,,,,,,
Steward Construct,Steward Construct,Abandoned Lurelin Mine,,,,,Zonaite,-,Npc_Zonau_Golem_Servant_Minus0010,Zonai Charge,2,99,Large Zonai Charge,1,99,Crystallized Charge,3,99,Large Crystallized Charge,3,99,,,,,,,,,,,,,,,,,,,,,,,,,,,,,,,,,,,,,,,,,,,,,,,,,,,,,,,,,,,,,,,,,,,,,,,,,,,,,,,,,,,,,,,,,,,,,,,,,,,,,,,,,,,,,,,,,,,,,,,,,,,,,,,,,,,,,,,,,,,,,,,,,,,,,,,,,,,,,,,,,,,,,,,,
Forge Construct,Forge Construct,Abandoned Lurelin Mine,,,,,Zonaite,SmeltShopGolem_09,Npc_Zonau_Golem_Servant_Minus0020,Zonai Charge,2,99,Large Zonai Charge,1,99,Crystallized Charge,3,99,Large Crystallized Charge,3,99,,,,,,,,,,,,,,,,,,,,,,,,,,,,,,,,,,,,,,,,,,,,,,,,,,,,,,,,,,,,,,,,,,,,,,,,,,,,,,,,,,,,,,,,,,,,,,,,,,,,,,,,,,,,,,,,,,,,,,,,,,,,,,,,,,,,,,,,,,,,,,,,,,,,,,,,,,,,,,,,,,,,,,,,
Smithing Construct,Smithing Construct,Spirit Temple,,,,,Zonaite,ForgeShopGolem,Npc_Zonau_Golem_Servant_ZonauChallenge_01,Mighty Zonaite Sword,45,1,Mighty Zonaite Longsword,60,1,Mighty Zonaite Spear,30,1,Mighty Zonaite Shield,45,1,Zonaite Bow,60,1,,,,,,,,,,,,,,,,,,,,,,,,,,,,,,,,,,,,,,,,,,,,,,,,,,,,,,,,,,,,,,,,,,,,,,,,,,,,,,,,,,,,,,,,,,,,,,,,,,,,,,,,,,,,,,,,,,,,,,,,,,,,,,,,,,,,,,,,,,,,,,,,,,,,,,,,,,,,,,,,,,,,,
Bargainer Statue,-,Lookout Landing,,,,,Poes,SmallDemonStatue,FldObj_AmosStatue_A_02,Dark Clump,10,10,Muddle Bud,16,99,Puffshroom,16,99,Bomb Flower,16,99,Dark Hood,300,1,Dark Tunic,150,1,Dark Trousers,200,1,Hood of the Depths,300,1,Tunic of the Depths,150,1,Gaiters of the Depths,200,1,Tunic of Memories,400,1,,,,,,,,,,,,,,,,,,,,,,,,,,,,,,,,,,,,,,,,,,,,,,,,,,,,,,,,,,,,,,,,,,,,,,,,,,,,,,,,,,,,,,,,,,,,,,,,,,,,,,,,,,,,,,,,,,,,,,,,,,,,,,,,,,,,,,,,,,,,,,,,,,,
Bargainer Statue,-,Great Abandoned Central Mine,,,,,Poes,DemonStatue_00,TwnObj_DemonStatue_C_01,Dark Clump,10,10,Muddle Bud,16,99,Puffshroom,16,99,Bomb Flower,16,99,Dark Hood,300,1,Dark Tunic,150,1,Dark Trousers,200,1,Hood of the Depths,300,1,Tunic of the Depths,150,1,Gaiters of the Depths,200,1,Tunic of Memories,400,1,Cap of the Hero,400,1,Tunic of the Hero,400,1,Trousers of the Hero,400,1,Cap of Time,400,1,Tunic of Time,400,1,Trousers of Time,400,1,Cap of Twilight,400,1,Tunic of Twilight,400,1,Trousers of Twilight,400,1,Cap of the Wind,400,1,Tunic of the Wind,400,1,Trousers of the Wind,400,1,Cap of the Sky,400,1,Tunic of the Sky,400,1,Trousers of the Sky,400,1,Cap of the Wild,400,1,Tunic of the Wild,400,1,Trousers of the Wild,400,1,Mask of Awakening,400,1,Tunic of Awakening,400,1,Trousers of Awakening,400,1,Fierce Deity Mask,400,1,Fierce Deity Armor,400,1,Fierce Deity Boots,400,1,Phantom Helmet,400,1,Phantom Armor,400,1,Phantom Greaves,400,1,Evil Spirit Mask,400,1,Evil Spirit Armor,400,1,Evil Spirit Greaves,400,1,Tingle's Hood,400,1,Tingle's Shirt,400,1,Tingle's Tights,400,1,Island Lobster Shirt,400,1,Sheik's Mask,400,1,Majora's Mask,400,1,Midna's Helmet,400,1,Zant's Helmet,400,1,Ravio's Hood,400,1,Korok Mask,400,1,Magic Rod,100,1,Magic Scepter,100,1,Magic Staff,100,1,Sword of the Hero,100,1,Biggoron's Sword,150,1,Dusk Claymore,140,1,Fierce Deity Sword,160,1,Sea-Breeze Boomerang,100,1,Sea-Breeze Shield,120,1
Bargainer Statue,-,Plains Bargainer Statue,,,,,Poes,DemonStatue_01,TwnObj_DemonStatue_C_02,Dark Clump,10,10,Muddle Bud,16,99,Puffshroom,16,99,Bomb Flower,16,99,Dark Hood,300,1,Dark Tunic,150,1,Dark Trousers,200,1,Hood of the Depths,300,1,Tunic of the Depths,150,1,Gaiters of the Depths,200,1,Tunic of Memories,400,1,Cap of the Hero,400,1,Tunic of the Hero,400,1,Trousers of the Hero,400,1,Cap of Time,400,1,Tunic of Time,400,1,Trousers of Time,400,1,Cap of Twilight,400,1,Tunic of Twilight,400,1,Trousers of Twilight,400,1,Cap of the Wind,400,1,Tunic of the Wind,400,1,Trousers of the Wind,400,1,Cap of the Sky,400,1,Tunic of the Sky,400,1,Trousers of the Sky,400,1,Cap of the Wild,400,1,Tunic of the Wild,400,1,Trousers of the Wild,400,1,Mask of Awakening,400,1,Tunic of Awakening,400,1,Trousers of Awakening,400,1,Fierce Deity Mask,400,1,Fierce Deity Armor,400,1,Fierce Deity Boots,400,1,Phantom Helmet,400,1,Phantom Armor,400,1,Phantom Greaves,400,1,Evil Spirit Mask,400,1,Evil Spirit Armor,400,1,Evil Spirit Greaves,400,1,Tingle's Hood,400,1,Tingle's Shirt,400,1,Tingle's Tights,400,1,Island Lobster Shirt,400,1,Sheik's Mask,400,1,Majora's Mask,400,1,Midna's Helmet,400,1,Zant's Helmet,400,1,Ravio's Hood,400,1,Korok Mask,400,1,Magic Rod,100,1,Magic Scepter,100,1,Magic Staff,100,1,Sword of the Hero,100,1,Biggoron's Sword,150,1,Dusk Claymore,140,1,Fierce Deity Sword,160,1,Sea-Breeze Boomerang,100,1,Sea-Breeze Shield,120,1
Bargainer Statue,-,Cliff Bargainer Statue,,,,,Poes,DemonStatue_02,TwnObj_DemonStatue_C_03,Dark Clump,10,10,Muddle Bud,16,99,Puffshroom,16,99,Bomb Flower,16,99,Dark Hood,300,1,Dark Tunic,150,1,Dark Trousers,200,1,Hood of the Depths,300,1,Tunic of the Depths,150,1,Gaiters of the Depths,200,1,Tunic of Memories,400,1,Cap of the Hero,400,1,Tunic of the Hero,400,1,Trousers of the Hero,400,1,Cap of Time,400,1,Tunic of Time,400,1,Trousers of Time,400,1,Cap of Twilight,400,1,Tunic of Twilight,400,1,Trousers of Twilight,400,1,Cap of the Wind,400,1,Tunic of the Wind,400,1,Trousers of the Wind,400,1,Cap of the Sky,400,1,Tunic of the Sky,400,1,Trousers of the Sky,400,1,Cap of the Wild,400,1,Tunic of the Wild,400,1,Trousers of the Wild,400,1,Mask of Awakening,400,1,Tunic of Awakening,400,1,Trousers of Awakening,400,1,Fierce Deity Mask,400,1,Fierce Deity Armor,400,1,Fierce Deity Boots,400,1,Phantom Helmet,400,1,Phantom Armor,400,1,Phantom Greaves,400,1,Evil Spirit Mask,400,1,Evil Spirit Armor,400,1,Evil Spirit Greaves,400,1,Tingle's Hood,400,1,Tingle's Shirt,400,1,Tingle's Tights,400,1,Island Lobster Shirt,400,1,Sheik's Mask,400,1,Majora's Mask,400,1,Midna's Helmet,400,1,Zant's Helmet,400,1,Ravio's Hood,400,1,Korok Mask,400,1,Magic Rod,100,1,Magic Scepter,100,1,Magic Staff,100,1,Sword of the Hero,100,1,Biggoron's Sword,150,1,Dusk Claymore,140,1,Fierce Deity Sword,160,1,Sea-Breeze Boomerang,100,1,Sea-Breeze Shield,120,1
Bargainer Statue,-,Wellspring of Wisdom,,,,,Poes,DemonStatue_03,TwnObj_DemonStatue_C_04,Dark Clump,10,10,Muddle Bud,16,99,Puffshroom,16,99,Bomb Flower,16,99,Dark Hood,300,1,Dark Tunic,150,1,Dark Trousers,200,1,Hood of the Depths,300,1,Tunic of the Depths,150,1,Gaiters of the Depths,200,1,Tunic of Memories,400,1,Cap of the Hero,400,1,Tunic of the Hero,400,1,Trousers of the Hero,400,1,Cap of Time,400,1,Tunic of Time,400,1,Trousers of Time,400,1,Cap of Twilight,400,1,Tunic of Twilight,400,1,Trousers of Twilight,400,1,Cap of the Wind,400,1,Tunic of the Wind,400,1,Trousers of the Wind,400,1,Cap of the Sky,400,1,Tunic of the Sky,400,1,Trousers of the Sky,400,1,Cap of the Wild,400,1,Tunic of the Wild,400,1,Trousers of the Wild,400,1,Mask of Awakening,400,1,Tunic of Awakening,400,1,Trousers of Awakening,400,1,Fierce Deity Mask,400,1,Fierce Deity Armor,400,1,Fierce Deity Boots,400,1,Phantom Helmet,400,1,Phantom Armor,400,1,Phantom Greaves,400,1,Evil Spirit Mask,400,1,Evil Spirit Armor,400,1,Evil Spirit Greaves,400,1,Tingle's Hood,400,1,Tingle's Shirt,400,1,Tingle's Tights,400,1,Island Lobster Shirt,400,1,Sheik's Mask,400,1,Majora's Mask,400,1,Midna's Helmet,400,1,Zant's Helmet,400,1,Ravio's Hood,400,1,Korok Mask,400,1,Magic Rod,100,1,Magic Scepter,100,1,Magic Staff,100,1,Sword of the Hero,100,1,Biggoron's Sword,150,1,Dusk Claymore,140,1,Fierce Deity Sword,160,1,Sea-Breeze Boomerang,100,1,Sea-Breeze Shield,120,1
Bargainer Statue,-,Wellspring of Courage,,,,,Poes,DemonStatue_04,TwnObj_DemonStatue_C_05,Dark Clump,10,10,Muddle Bud,16,99,Puffshroom,16,99,Bomb Flower,16,99,Dark Hood,300,1,Dark Tunic,150,1,Dark Trousers,200,1,Hood of the Depths,300,1,Tunic of the Depths,150,1,Gaiters of the Depths,200,1,Tunic of Memories,400,1,Cap of the Hero,400,1,Tunic of the Hero,400,1,Trousers of the Hero,400,1,Cap of Time,400,1,Tunic of Time,400,1,Trousers of Time,400,1,Cap of Twilight,400,1,Tunic of Twilight,400,1,Trousers of Twilight,400,1,Cap of the Wind,400,1,Tunic of the Wind,400,1,Trousers of the Wind,400,1,Cap of the Sky,400,1,Tunic of the Sky,400,1,Trousers of the Sky,400,1,Cap of the Wild,400,1,Tunic of the Wild,400,1,Trousers of the Wild,400,1,Mask of Awakening,400,1,Tunic of Awakening,400,1,Trousers of Awakening,400,1,Fierce Deity Mask,400,1,Fierce Deity Armor,400,1,Fierce Deity Boots,400,1,Phantom Helmet,400,1,Phantom Armor,400,1,Phantom Greaves,400,1,Evil Spirit Mask,400,1,Evil Spirit Armor,400,1,Evil Spirit Greaves,400,1,Tingle's Hood,400,1,Tingle's Shirt,400,1,Tingle's Tights,400,1,Island Lobster Shirt,400,1,Sheik's Mask,400,1,Majora's Mask,400,1,Midna's Helmet,400,1,Zant's Helmet,400,1,Ravio's Hood,400,1,Korok Mask,400,1,Magic Rod,100,1,Magic Scepter,100,1,Magic Staff,100,1,Sword of the Hero,100,1,Biggoron's Sword,150,1,Dusk Claymore,140,1,Fierce Deity Sword,160,1,Sea-Breeze Boomerang,100,1,Sea-Breeze Shield,120,1
Bargainer Statue,-,Wellspring of Power,,,,,Poes,DemonStatue_05,TwnObj_DemonStatue_C_06,Dark Clump,10,10,Muddle Bud,16,99,Puffshroom,16,99,Bomb Flower,16,99,Dark Hood,300,1,Dark Tunic,150,1,Dark Trousers,200,1,Hood of the Depths,300,1,Tunic of the Depths,150,1,Gaiters of the Depths,200,1,Tunic of Memories,400,1,Cap of the Hero,400,1,Tunic of the Hero,400,1,Trousers of the Hero,400,1,Cap of Time,400,1,Tunic of Time,400,1,Trousers of Time,400,1,Cap of Twilight,400,1,Tunic of Twilight,400,1,Trousers of Twilight,400,1,Cap of the Wind,400,1,Tunic of the Wind,400,1,Trousers of the Wind,400,1,Cap of the Sky,400,1,Tunic of the Sky,400,1,Trousers of the Sky,400,1,Cap of the Wild,400,1,Tunic of the Wild,400,1,Trousers of the Wild,400,1,Mask of Awakening,400,1,Tunic of Awakening,400,1,Trousers of Awakening,400,1,Fierce Deity Mask,400,1,Fierce Deity Armor,400,1,Fierce Deity Boots,400,1,Phantom Helmet,400,1,Phantom Armor,400,1,Phantom Greaves,400,1,Evil Spirit Mask,400,1,Evil Spirit Armor,400,1,Evil Spirit Greaves,400,1,Tingle's Hood,400,1,Tingle's Shirt,400,1,Tingle's Tights,400,1,Island Lobster Shirt,400,1,Sheik's Mask,400,1,Majora's Mask,400,1,Midna's Helmet,400,1,Zant's Helmet,400,1,Ravio's Hood,400,1,Korok Mask,400,1,Magic Rod,100,1,Magic Scepter,100,1,Magic Staff,100,1,Sword of the Hero,100,1,Biggoron's Sword,150,1,Dusk Claymore,140,1,Fierce Deity Sword,160,1,Sea-Breeze Boomerang,100,1,Sea-Breeze Shield,120,1